order_item_id,order_id,product_id,quantity,price
1,1299,917,3,3935.59
2,931,466,3,3895.09
3,89,251,4,1067.11
4,550,69,1,2585.57
5,1072,529,1,3544.76
6,836,153,3,629.68
7,689,607,2,1337.65
8,746,847,4,3191.46
9,1424,786,3,2769.31
10,553,165,4,441.07
11,144,750,4,1849.86
12,1008,372,2,1395.37
13,1698,179,1,4349.6
14,398,404,3,2514.73
15,1735,380,2,2936.92
16,1635,605,4,2013.26
17,1232,682,4,642.42
18,176,595,1,1637.17
19,227,739,1,2283.28
20,589,3,3,789.18
21,437,914,4,2723.39
22,946,124,2,3351.12
23,219,213,2,3844.29
24,1029,318,4,2865.24
25,404,312,3,258.19
26,888,237,1,169.38
27,1072,446,2,4542.64
28,434,243,3,3442.86
29,1334,404,3,2982.32
30,239,868,2,2026.24
31,938,654,3,4782.4
32,1496,887,3,3472.18
33,80,20,1,4125.47
34,308,176,1,4246.11
35,998,242,1,615.72
36,831,640,3,4643.06
37,475,910,1,4163.86
38,11,876,3,1193.38
39,619,608,3,314.33
40,1843,228,1,3633.43
41,40,559,1,4511.28
42,1156,743,1,2754.05
43,1886,405,2,4853.36
44,409,983,3,3719.37
45,218,713,1,1305.65
46,721,843,1,3671.97
47,1188,188,4,1511.02
48,385,764,3,4338.54
49,424,365,3,895.01
50,1948,142,1,3792.74
51,1765,755,2,4951.11
52,1472,642,1,1396.75
53,950,85,1,1994.2
54,957,594,2,1390.69
55,1796,840,3,223.55
56,553,691,4,900.05
57,168,569,4,2748.1
58,1659,277,4,2200.64
59,75,114,1,4803.91
60,1060,250,4,714.74
61,896,686,1,2913.62
62,1298,210,4,3165.23
63,1229,98,1,1156.44
64,1623,297,2,4344.07
65,526,452,2,3059.36
66,750,799,4,4863.39
67,424,598,1,973.74
68,1563,33,4,2578.82
69,1165,587,4,4554.33
70,628,546,4,2679.24
71,11,421,2,3988.23
72,470,431,1,4903.81
73,296,304,3,4629.24
74,167,397,4,4665.01
75,30,545,2,3974.66
76,1768,826,3,186.43
77,1098,711,1,2889.92
78,1762,986,1,563.88
79,846,764,1,2840.68
80,701,204,4,725.46
81,1791,411,4,416.99
82,1560,627,2,4013.1
83,722,968,2,653.59
84,551,509,3,4801.85
85,1192,930,1,878.38
86,1655,356,2,4592.94
87,950,659,3,4713.23
88,1290,319,4,2183.41
89,231,986,1,1559.07
90,744,508,1,1294.36
91,700,464,4,977.08
92,1818,34,3,866.03
93,1540,925,2,4079.36
94,950,296,3,1430.61
95,748,368,2,1982.33
96,804,380,4,4742.22
97,1466,117,1,1679.75
98,1561,370,1,2713.97
99,827,352,4,4168.93
100,516,803,4,4212.99
101,92,186,1,2215.9
102,1616,383,1,4836.55
103,1811,142,2,108.69
104,575,574,1,1092.61
105,418,678,1,3703.15
106,902,318,3,4940.7
107,110,287,1,3138.67
108,768,876,4,4846.8
109,965,297,2,526.37
110,599,211,2,2962.9
111,1856,136,1,1955.28
112,664,113,2,407.28
113,1280,755,1,736.22
114,32,347,2,2581.62
115,985,600,2,1403.62
116,1267,134,2,824.78
117,1027,105,2,1167.35
118,1306,85,3,1152.37
119,1144,639,1,4870.17
120,280,80,1,4172.75
121,464,67,4,4053.56
122,1056,630,1,608.26
123,1863,959,1,3389.84
124,1398,572,3,393.55
125,487,433,1,4922.77
126,1292,856,3,1857.39
127,361,5,1,3032.16
128,1299,878,4,1860.16
129,556,257,3,4677.85
130,937,148,1,4349.5
131,1340,243,4,4027.15
132,1178,163,4,506.11
133,640,976,3,4123.29
134,1233,217,3,3984.26
135,947,938,4,1920.24
136,817,242,1,4489.0
137,768,539,1,1382.56
138,1052,148,2,150.64
139,1149,582,1,3961.54
140,284,431,1,1488.66
141,1050,360,4,1700.81
142,88,540,1,3843.68
143,418,48,3,1561.13
144,1866,133,4,4971.82
145,1796,775,1,2383.75
146,1028,882,3,1289.26
147,1581,113,3,3101.74
148,206,245,3,2589.73
149,1805,614,1,2667.91
150,1716,546,4,2372.46
151,1564,758,2,2685.02
152,1128,2,1,3687.64
153,1112,99,4,4225.0
154,1425,197,2,2197.13
155,1165,927,4,3985.43
156,325,979,2,1000.42
157,68,213,2,1109.19
158,680,873,3,2991.74
159,54,772,4,1080.43
160,1172,859,2,4933.17
161,1094,489,2,4652.99
162,1288,675,2,819.27
163,1040,512,2,331.26
164,1646,689,2,1630.6
165,1360,735,4,3556.57
166,814,571,4,3141.09
167,1892,870,1,621.8
168,1428,592,2,746.66
169,994,772,4,431.08
170,526,187,3,4960.39
171,718,769,1,2838.63
172,191,57,4,730.73
173,651,682,3,3326.76
174,678,910,4,3578.28
175,763,459,2,3530.1
176,27,38,4,1880.46
177,753,47,1,772.84
178,1310,992,4,2394.55
179,74,485,1,4638.06
180,1135,838,4,849.71
181,1118,284,4,2808.36
182,1513,119,2,4761.53
183,65,935,3,2713.42
184,239,462,4,459.48
185,1822,657,1,880.48
186,1162,789,2,4622.64
187,1457,736,2,211.88
188,1856,676,1,2244.2
189,1791,749,2,3415.93
190,358,671,1,374.62
191,155,337,4,2909.88
192,1574,712,4,1227.3
193,50,491,3,4345.34
194,1529,717,4,914.19
195,28,658,3,1720.42
196,815,434,4,813.08
197,1267,428,3,4013.57
198,457,511,4,1599.39
199,31,184,1,1874.86
200,1902,469,3,2248.73
201,1704,486,2,1990.98
202,1536,375,3,2556.26
203,396,200,1,3049.55
204,43,668,4,2552.11
205,1660,900,3,2119.89
206,1372,455,2,1047.39
207,1932,468,2,3445.08
208,890,739,2,1762.83
209,245,560,3,198.43
210,416,305,2,1892.17
211,46,233,1,3161.41
212,733,83,3,739.76
213,1826,931,2,294.69
214,1908,779,3,1574.87
215,1547,797,4,293.11
216,1094,242,4,339.47
217,751,397,4,950.56
218,1220,706,4,4550.0
219,1259,856,2,696.6
220,1629,559,1,4209.63
221,1749,571,3,4362.17
222,1068,337,1,1554.21
223,1918,893,1,3874.61
224,114,398,3,1120.64
225,1377,753,2,2032.72
226,1310,249,2,3101.79
227,375,259,3,3061.69
228,772,679,4,2132.66
229,914,136,2,3434.89
230,1656,245,2,3200.85
231,1854,299,3,4026.15
232,1662,358,1,1375.19
233,1314,150,4,4307.46
234,1501,931,4,2048.05
235,1307,997,1,3250.34
236,398,302,2,4623.93
237,549,313,1,1576.65
238,1704,516,3,2078.54
239,47,829,1,4820.93
240,7,629,2,2826.39
241,1496,272,4,4026.59
242,1935,484,3,379.66
243,766,780,3,4940.21
244,1761,313,4,3789.64
245,1498,448,2,3903.45
246,499,219,2,3869.24
247,1404,922,2,736.11
248,2,468,1,730.29
249,826,577,1,2647.96
250,884,993,1,954.13
251,838,94,4,3007.23
252,1885,344,4,4712.34
253,809,886,4,1208.4
254,1966,236,4,4558.12
255,415,461,2,645.57
256,476,603,2,2884.05
257,729,561,1,4309.62
258,968,612,1,1533.59
259,1779,813,3,3192.06
260,334,298,4,2322.01
261,801,106,2,4544.52
262,1688,143,2,3448.56
263,432,911,4,4002.92
264,1355,599,3,3383.33
265,1734,588,4,1303.18
266,1017,428,4,843.23
267,986,510,1,516.25
268,1134,138,1,2172.4
269,1120,525,4,681.34
270,957,52,1,487.33
271,152,75,1,1088.83
272,289,982,3,4688.42
273,1962,212,1,3214.06
274,1174,119,1,1795.11
275,1967,222,4,2934.11
276,1483,41,2,1517.15
277,998,408,1,1105.59
278,906,483,2,4453.56
279,1439,922,1,2647.61
280,713,195,4,760.58
281,327,227,2,1222.88
282,1660,422,3,2143.3
283,1226,189,3,3614.32
284,1959,847,1,1460.4
285,278,583,1,2241.34
286,13,488,1,3442.41
287,1974,890,1,1554.99
288,529,87,2,1414.25
289,731,838,2,1426.44
290,1939,136,2,1164.16
291,314,568,4,1206.19
292,1633,563,3,789.24
293,539,428,1,4705.68
294,1173,17,1,4024.33
295,1026,192,3,1983.14
296,923,37,1,2664.03
297,1620,936,1,4589.86
298,1487,658,1,1794.54
299,1372,333,4,2176.48
300,101,887,4,179.64
301,1890,93,1,2311.84
302,274,198,1,2761.84
303,360,991,1,3524.53
304,67,704,4,812.01
305,1827,290,2,4137.78
306,799,236,4,255.95
307,1754,731,4,2974.32
308,673,294,4,1155.33
309,814,345,2,4721.71
310,151,850,1,2780.55
311,45,440,1,4851.02
312,340,811,2,2310.37
313,1067,676,1,1972.12
314,813,628,4,671.17
315,61,799,2,892.05
316,1319,758,1,3552.69
317,44,221,2,2712.88
318,544,396,1,2739.34
319,1613,806,4,1028.15
320,1406,678,1,4933.93
321,1484,507,2,2287.88
322,1848,640,2,3459.49
323,438,153,1,1786.58
324,828,572,3,914.79
325,389,323,3,1493.62
326,224,86,3,3693.92
327,1082,276,2,2459.45
328,1490,725,3,3955.32
329,1625,188,4,4464.74
330,442,212,2,4077.59
331,1510,58,2,4146.17
332,1845,915,4,534.41
333,1957,952,4,4127.19
334,1125,169,4,270.61
335,705,656,1,2830.36
336,305,13,4,3549.88
337,1882,228,3,3983.03
338,995,675,3,427.33
339,605,183,4,1094.37
340,207,968,1,2485.18
341,712,3,1,1531.18
342,1715,65,3,2769.85
343,1696,573,2,3133.96
344,1802,982,1,3115.3
345,856,374,2,1229.04
346,260,713,2,4065.65
347,127,532,1,3595.66
348,1688,684,3,1534.16
349,477,83,4,4842.42
350,635,139,1,3529.32
351,189,352,4,3280.0
352,1271,466,3,992.53
353,1200,93,3,1932.29
354,1745,533,3,170.22
355,1275,751,1,1330.44
356,252,661,1,4182.78
357,502,796,1,2389.88
358,451,926,4,3147.78
359,965,568,1,442.75
360,835,890,1,1578.82
361,1360,323,3,4118.75
362,786,155,3,3410.14
363,89,151,2,677.47
364,1858,585,2,2091.37
365,1748,30,3,1843.3
366,945,20,3,3271.04
367,689,260,1,4288.35
368,735,296,2,2112.58
369,1319,20,4,1756.32
370,222,368,2,3970.29
371,558,754,2,4497.9
372,1428,460,3,3528.32
373,1969,843,4,4675.03
374,1773,805,3,578.65
375,1690,623,4,894.98
376,981,37,3,4850.68
377,322,572,1,4540.36
378,1335,578,2,4018.41
379,1667,379,3,975.67
380,750,994,1,3822.39
381,656,64,1,3318.81
382,1738,67,4,1938.77
383,665,788,3,4617.41
384,1231,776,3,2190.78
385,289,447,2,3499.73
386,648,338,3,1671.12
387,1135,112,3,237.7
388,994,626,3,2106.73
389,907,225,1,3975.6
390,1158,237,2,2615.72
391,553,987,2,502.46
392,1306,565,1,3368.25
393,1893,68,1,582.49
394,58,790,1,3808.7
395,1990,235,1,4989.84
396,637,216,1,978.64
397,576,548,2,3825.55
398,1162,129,3,2826.71
399,762,634,4,1108.64
400,1951,840,3,3734.11
401,595,46,2,1507.32
402,540,399,2,3631.7
403,591,19,3,2920.68
404,110,130,2,3157.05
405,1886,548,3,1761.63
406,415,73,3,1765.19
407,989,316,1,515.83
408,45,724,2,532.55
409,1136,207,3,226.67
410,1513,354,3,2062.47
411,1571,752,1,1359.42
412,925,991,4,4652.65
413,460,880,4,2086.19
414,1853,815,4,4888.83
415,1622,585,2,2322.43
416,564,140,3,3450.41
417,1334,69,1,3407.62
418,276,358,4,472.54
419,1046,982,1,2427.39
420,746,273,2,3851.76
421,861,165,1,439.65
422,197,721,1,2063.14
423,1758,823,2,3922.01
424,1414,978,4,3676.4
425,1174,978,4,585.73
426,505,439,3,4271.29
427,1808,924,1,4179.03
428,1206,105,2,3446.95
429,1274,850,3,336.84
430,1306,356,2,1954.2
431,506,208,1,4326.82
432,667,18,2,310.35
433,314,393,3,3460.97
434,418,830,2,2301.9
435,331,24,2,294.36
436,906,581,3,2276.11
437,1077,457,2,691.33
438,362,545,4,876.62
439,1199,499,4,4370.48
440,324,228,2,433.89
441,1488,884,4,4566.26
442,1443,736,4,4858.11
443,727,976,4,4879.04
444,1050,176,4,3180.33
445,653,780,4,2536.21
446,130,809,4,3688.88
447,338,892,4,4060.75
448,98,752,4,2234.93
449,610,849,3,2164.82
450,1515,341,2,4760.63
451,1773,678,2,448.09
452,1709,79,2,2816.56
453,766,475,1,1452.48
454,1439,820,4,798.31
455,1814,139,3,4377.91
456,1084,570,2,4020.13
457,1539,309,2,2492.63
458,825,510,4,703.95
459,1005,868,3,2705.3
460,1639,114,1,3916.44
461,968,98,4,643.53
462,900,183,1,3014.91
463,618,112,3,2881.02
464,1408,942,4,4621.61
465,139,427,3,3801.25
466,977,257,3,1671.75
467,769,240,1,2531.04
468,1192,915,4,2399.06
469,862,947,3,1984.59
470,37,202,1,1470.48
471,939,108,2,4366.22
472,1528,294,3,188.49
473,1127,894,1,3358.1
474,880,803,4,2216.15
475,1354,628,3,623.64
476,144,486,2,3553.02
477,1462,742,1,2726.95
478,1477,725,2,447.59
479,1573,852,3,2213.37
480,280,506,2,188.38
481,728,298,3,1746.73
482,1881,992,1,508.32
483,1289,417,2,4729.9
484,1464,319,2,1177.41
485,1875,22,3,1689.72
486,691,393,4,160.88
487,1310,569,4,1189.68
488,1194,136,1,2937.48
489,1754,69,2,4980.63
490,832,777,3,4801.68
491,389,520,3,4241.23
492,256,145,4,3078.36
493,1803,792,2,4868.9
494,582,60,3,3390.04
495,378,978,4,1611.08
496,281,872,4,2238.49
497,23,812,3,2288.9
498,333,952,4,736.9
499,746,456,4,3231.64
500,1205,325,1,2968.38
501,620,985,2,2447.78
502,433,205,4,4764.94
503,289,618,4,3420.64
504,1203,793,4,1886.7
505,336,437,1,765.53
506,1797,553,3,854.48
507,1948,135,2,1774.12
508,1102,78,1,3196.83
509,1121,886,4,3738.39
510,584,142,1,750.3
511,1168,461,1,4129.28
512,181,427,2,4072.75
513,536,263,3,1566.6
514,768,637,1,2909.93
515,323,682,4,3727.45
516,596,311,4,3643.89
517,1524,959,4,4970.22
518,312,233,3,3360.57
519,1678,373,2,622.63
520,1712,889,4,1224.18
521,1039,188,3,3595.26
522,235,108,1,1930.53
523,264,464,3,1437.1
524,1379,109,4,3716.42
525,795,886,3,574.13
526,387,941,1,1493.08
527,434,448,3,1507.02
528,510,469,4,4983.96
529,471,179,4,3431.12
530,1788,621,2,1611.9
531,858,753,1,2097.89
532,1899,364,3,1766.57
533,1299,982,1,1200.77
534,1323,116,1,2522.42
535,938,630,4,1300.05
536,210,996,3,1401.73
537,359,797,2,1278.61
538,759,532,4,1159.39
539,1703,132,1,4199.31
540,1992,297,4,1549.12
541,1709,838,1,3864.19
542,51,633,3,2184.21
543,1639,923,4,2132.81
544,830,326,2,427.65
545,374,330,3,2742.54
546,1183,106,3,294.7
547,888,34,2,130.48
548,1193,333,1,4581.09
549,115,387,3,857.14
550,516,852,3,2885.4
551,1597,157,1,2003.6
552,401,575,4,1731.71
553,312,226,4,1878.57
554,250,26,4,2347.43
555,1380,195,4,2345.71
556,290,81,1,3266.69
557,51,574,1,672.27
558,1207,735,2,4503.75
559,432,72,4,358.41
560,72,799,1,2243.24
561,1491,205,3,3219.8
562,1276,737,2,2174.95
563,461,426,2,3005.49
564,76,469,2,4853.52
565,1417,976,1,609.05
566,1588,652,4,923.45
567,1434,959,3,3140.45
568,1121,60,4,4464.35
569,1187,848,3,2528.15
570,1512,761,4,1336.8
571,554,496,3,4667.66
572,1713,644,4,2677.15
573,1561,453,4,1131.11
574,416,566,1,285.35
575,1955,941,3,926.06
576,543,886,2,4215.18
577,83,237,4,2997.45
578,625,900,3,759.29
579,460,873,4,2073.15
580,731,653,3,3818.72
581,1220,859,1,3875.89
582,1516,779,1,3758.97
583,1577,956,3,4142.74
584,1865,74,4,4657.94
585,618,631,3,919.59
586,885,983,3,570.67
587,1198,162,2,2449.68
588,914,934,3,2258.1
589,260,950,3,2573.53
590,708,751,3,2261.92
591,1938,932,2,3219.97
592,190,908,1,150.5
593,1743,59,1,1204.56
594,1659,157,1,4634.71
595,1293,90,3,635.41
596,32,296,1,300.05
597,880,364,4,4926.67
598,144,891,3,2491.86
599,56,983,2,3503.34
600,928,313,4,855.6
601,1145,430,3,1470.74
602,430,326,2,3566.14
603,59,47,1,3712.61
604,1048,447,3,3530.26
605,1850,783,4,3445.14
606,1884,889,1,4206.03
607,39,87,4,3394.99
608,1937,924,1,2554.85
609,262,242,4,1769.04
610,564,491,4,3477.22
611,167,850,2,430.41
612,1648,823,3,4675.42
613,437,795,3,4923.24
614,1519,830,3,2074.33
615,1833,92,1,1967.13
616,1479,139,3,996.83
617,235,748,1,4100.97
618,1258,691,1,1964.77
619,1413,926,1,3090.96
620,1511,768,1,3236.27
621,643,83,3,4127.1
622,1060,755,1,2051.04
623,1138,629,2,3981.42
624,1807,785,1,2241.02
625,815,963,1,2895.02
626,941,380,2,4915.45
627,1082,162,1,542.89
628,266,910,1,1524.35
629,477,696,4,175.37
630,1287,393,1,3971.33
631,1720,274,3,1112.09
632,1923,878,2,647.22
633,1147,124,2,1223.26
634,640,729,1,552.14
635,960,576,3,3929.3
636,81,95,2,1597.35
637,700,425,1,2572.87
638,642,189,1,1875.12
639,1558,312,4,4421.07
640,561,374,4,3317.89
641,1460,750,1,3806.4
642,974,656,4,2101.94
643,1011,826,4,4125.28
644,1361,591,3,4233.51
645,1335,524,1,2862.29
646,1215,792,4,2906.54
647,732,430,3,3320.81
648,984,910,3,3711.35
649,101,276,1,4209.85
650,366,990,3,912.56
651,885,256,3,3125.3
652,90,860,1,775.16
653,1851,545,2,3981.45
654,1369,924,2,4708.84
655,671,330,1,1062.39
656,649,776,4,2811.8
657,295,558,1,829.42
658,934,235,3,912.47
659,790,971,3,193.8
660,1940,13,4,3371.82
661,887,438,4,3126.08
662,740,322,2,1004.32
663,1374,687,1,884.5
664,826,41,2,797.99
665,67,311,4,1778.99
666,73,960,4,4698.76
667,224,178,2,1796.24
668,1206,581,4,1120.6
669,82,616,2,1598.91
670,82,64,2,1377.95
671,408,674,3,3532.78
672,42,171,1,1803.91
673,1622,245,2,4298.77
674,789,221,3,3804.73
675,502,123,2,1568.57
676,1409,439,3,529.39
677,1305,675,1,4312.54
678,1221,463,3,680.48
679,953,722,3,3727.67
680,662,681,2,2578.46
681,841,790,2,4075.0
682,174,762,4,1492.62
683,372,361,3,2111.4
684,603,161,2,3601.9
685,1831,156,2,2521.89
686,408,427,4,262.4
687,1389,299,2,2215.49
688,1548,761,4,2655.25
689,264,495,2,1093.02
690,728,504,1,4811.95
691,603,790,4,2495.1
692,1972,473,3,1672.22
693,1819,746,2,1042.56
694,1739,581,1,935.5
695,904,297,1,1275.4
696,1812,384,2,2668.16
697,11,372,3,368.46
698,763,432,3,3349.17
699,732,243,1,4070.49
700,423,336,2,2527.03
701,1018,227,3,3828.72
702,1404,203,4,3985.23
703,1429,445,4,3489.7
704,21,686,1,3802.88
705,1000,318,4,830.9
706,1902,265,4,2953.24
707,228,901,2,977.84
708,32,488,4,3104.8
709,1649,655,4,2028.06
710,1046,13,3,4371.54
711,779,455,4,2761.14
712,1860,769,3,4517.09
713,1521,355,3,539.7
714,238,528,2,2753.75
715,1070,924,4,3757.71
716,1749,780,1,3174.13
717,1806,179,3,3063.42
718,1881,495,1,4453.39
719,327,885,4,1172.2
720,154,938,3,2268.36
721,736,396,3,1226.16
722,323,925,1,4691.86
723,1156,286,4,2023.48
724,229,243,2,4301.65
725,21,539,1,2054.96
726,792,438,1,2796.09
727,183,43,4,1246.18
728,454,195,1,2907.8
729,986,99,1,1672.59
730,1764,993,3,4167.46
731,498,247,1,3124.86
732,171,264,1,2703.39
733,1125,644,2,2511.89
734,265,44,3,2408.95
735,855,910,2,4753.87
736,1917,900,1,136.48
737,256,993,2,3351.48
738,1491,912,4,833.45
739,1837,206,1,2164.66
740,1065,191,3,2082.51
741,30,730,4,3246.15
742,1515,196,1,862.89
743,549,998,3,608.37
744,1279,758,1,4188.74
745,1428,496,4,3196.36
746,683,108,3,4495.97
747,1158,388,1,3190.84
748,632,45,1,175.56
749,1280,530,1,4980.57
750,1678,344,1,2267.39
751,1812,438,1,619.49
752,1281,554,1,363.39
753,1860,868,1,1532.86
754,1792,907,4,824.49
755,1763,788,3,3902.38
756,895,276,4,4148.1
757,945,992,2,1030.45
758,1030,167,2,4710.08
759,88,178,3,2504.42
760,93,655,4,3049.77
761,1835,686,3,1742.78
762,1471,20,2,4588.9
763,150,359,1,2498.72
764,1136,30,3,3602.58
765,1887,717,2,643.99
766,640,817,1,3655.5
767,1852,441,1,1479.26
768,780,319,2,721.38
769,29,323,3,3327.15
770,609,206,1,1871.66
771,1678,470,1,3347.89
772,1063,265,1,2494.52
773,1456,482,3,4293.59
774,905,666,1,443.74
775,1386,150,4,1109.81
776,1537,349,3,2565.03
777,931,440,2,2001.26
778,1689,810,4,2870.88
779,1029,612,1,738.58
780,540,208,4,4147.52
781,1939,182,1,2973.82
782,1032,409,2,1056.94
783,91,164,1,1170.35
784,1963,153,2,3370.03
785,891,61,4,2216.36
786,1666,466,4,141.85
787,1665,923,3,785.61
788,1439,26,4,4368.51
789,491,229,3,153.04
790,1584,440,1,513.97
791,459,231,1,3874.13
792,1009,580,4,2611.53
793,549,344,3,402.99
794,1978,777,1,1826.62
795,951,599,3,1674.27
796,1543,285,1,785.25
797,132,835,3,2139.09
798,503,596,2,743.77
799,1435,215,2,3312.9
800,1936,922,3,1832.97
801,466,37,4,4246.32
802,1395,954,2,221.73
803,1041,198,3,4072.07
804,1243,614,3,3047.39
805,1700,862,2,860.63
806,1887,172,1,1057.9
807,814,513,1,3426.97
808,426,595,1,4372.26
809,1815,355,2,2163.0
810,1127,126,4,171.85
811,1513,526,4,1105.47
812,176,985,4,3200.34
813,1880,269,3,860.83
814,209,40,3,1548.7
815,693,286,4,1544.47
816,1667,225,2,3984.74
817,1813,505,4,241.93
818,560,481,1,2103.59
819,1169,785,3,135.04
820,1691,890,3,936.47
821,1586,943,2,1367.66
822,882,420,3,1887.03
823,548,436,3,1213.78
824,771,188,4,4189.75
825,551,557,2,2998.22
826,1003,330,1,1070.17
827,1465,510,2,3189.77
828,1304,258,3,3964.05
829,321,246,3,4920.82
830,1190,395,4,2021.32
831,205,419,3,2971.84
832,1426,715,3,1657.35
833,39,529,3,1271.7
834,1672,422,3,2663.52
835,748,322,3,2144.24
836,1297,55,1,762.95
837,1591,352,4,1797.77
838,232,965,1,107.58
839,166,761,1,4041.27
840,418,617,1,953.06
841,946,374,2,1082.24
842,1045,771,4,434.53
843,991,510,2,982.34
844,396,400,1,1014.45
845,1025,817,1,581.11
846,157,931,1,401.57
847,833,156,4,4149.62
848,259,33,3,3297.24
849,949,276,4,2038.18
850,1149,783,2,522.86
851,91,456,1,2415.31
852,34,787,1,687.79
853,201,888,1,2865.36
854,530,289,2,2596.61
855,875,899,4,212.56
856,811,630,4,4399.79
857,774,528,1,2894.1
858,1328,832,1,519.7
859,1000,245,1,4600.39
860,1764,59,2,1993.83
861,882,620,1,3602.13
862,1285,997,4,4850.44
863,1417,567,2,2694.71
864,1370,306,4,4274.75
865,402,38,1,3108.29
866,1531,584,2,1398.98
867,1820,440,3,4349.19
868,1652,342,1,2000.33
869,940,280,3,4198.4
870,309,256,1,3059.99
871,487,573,1,2824.07
872,761,277,1,1063.74
873,744,153,2,938.71
874,653,400,4,1101.86
875,1076,752,1,1088.3
876,691,502,4,839.98
877,1791,639,1,4779.88
878,600,458,4,2601.51
879,826,495,4,3981.04
880,567,272,3,2421.33
881,188,173,2,3263.27
882,1340,366,3,272.67
883,1881,736,4,4805.9
884,531,209,1,4419.17
885,309,479,2,2307.05
886,1822,40,3,4931.55
887,669,641,4,2952.54
888,229,707,3,208.26
889,696,610,2,849.21
890,1995,84,2,4434.25
891,1722,196,2,4673.97
892,1963,868,2,2630.85
893,303,828,4,395.01
894,1597,253,2,1287.62
895,725,856,2,2849.62
896,157,881,2,235.88
897,1232,241,3,1560.94
898,923,257,3,4104.76
899,573,955,3,2625.62
900,620,170,2,4318.5
901,588,457,3,1447.86
902,106,244,4,1508.29
903,796,337,3,1946.4
904,1169,869,4,4429.15
905,309,276,4,937.62
906,1616,840,1,1322.14
907,1623,625,2,4042.6
908,1867,385,2,2964.8
909,1279,251,4,4536.22
910,447,574,1,4536.37
911,1613,982,4,3390.71
912,456,26,2,1476.92
913,630,586,4,2198.04
914,1531,267,2,3477.74
915,1349,907,3,1705.29
916,1665,199,1,4609.59
917,281,88,1,2800.36
918,568,974,3,2489.08
919,404,95,3,1898.5
920,1906,496,4,357.01
921,1809,386,1,2844.78
922,571,179,3,2296.97
923,1102,512,1,2934.97
924,76,108,3,4408.02
925,526,369,2,1380.55
926,769,783,3,2580.53
927,1088,618,2,1678.1
928,1479,252,3,4970.26
929,1167,445,4,4095.0
930,1849,303,1,1612.48
931,857,948,3,3702.95
932,1870,24,1,3648.39
933,1189,404,2,1315.89
934,1665,838,3,4810.25
935,344,50,3,941.98
936,1250,630,2,3740.14
937,1380,392,1,4974.19
938,558,691,2,749.16
939,13,345,1,3200.51
940,1072,506,4,147.02
941,1183,972,4,3779.11
942,434,812,1,4263.2
943,1523,480,1,1944.81
944,1315,680,2,3253.12
945,1198,370,4,2846.28
946,1333,85,4,715.14
947,1980,12,4,4530.47
948,659,26,4,4481.32
949,791,395,4,3502.22
950,600,904,4,3291.62
951,201,172,3,3540.75
952,352,115,1,2761.17
953,1142,760,2,538.84
954,1083,838,3,3452.13
955,820,688,2,945.45
956,1207,840,3,4078.41
957,296,945,4,2912.51
958,638,519,3,270.01
959,903,313,3,2670.3
960,317,825,1,3282.65
961,1525,729,4,3127.4
962,536,803,1,3837.51
963,381,617,1,3579.76
964,850,656,1,4607.63
965,69,999,3,875.13
966,142,531,2,4547.78
967,998,161,1,1464.1
968,1932,614,3,2180.38
969,1133,110,3,3894.87
970,1703,109,1,1138.65
971,1418,176,4,4162.29
972,233,738,1,2124.0
973,1101,806,1,1903.57
974,976,683,3,4362.6
975,1910,511,4,470.48
976,505,898,2,2088.28
977,419,457,4,4319.29
978,1528,759,1,3010.73
979,1044,710,2,2736.45
980,100,633,3,4149.79
981,823,137,4,4580.47
982,1183,532,4,617.76
983,564,580,1,568.64
984,1558,181,3,1337.61
985,1912,21,4,596.35
986,176,534,3,1586.77
987,584,442,4,2863.52
988,1353,865,2,4095.08
989,1528,306,1,4346.57
990,1687,356,1,713.01
991,618,152,3,2236.72
992,1340,220,1,870.14
993,1623,852,2,4715.47
994,1321,679,3,1449.48
995,1772,111,2,2472.81
996,511,53,1,1122.78
997,276,398,3,711.84
998,1167,65,4,2024.84
999,457,449,3,1858.63
1000,1514,79,4,192.22
1001,787,551,2,2123.88
1002,1516,866,1,3338.23
1003,624,923,4,873.16
1004,78,536,2,2360.14
1005,1150,909,4,2203.19
1006,1423,504,2,669.15
1007,1962,231,1,4334.35
1008,589,587,1,3766.87
1009,989,749,3,4239.99
1010,883,376,2,3250.48
1011,1400,930,3,4184.89
1012,1815,123,1,4496.86
1013,13,910,3,410.08
1014,1714,916,2,2541.64
1015,98,878,4,3433.29
1016,421,419,4,3243.77
1017,392,719,4,2699.75
1018,101,291,2,2342.99
1019,110,531,3,4604.98
1020,78,509,3,516.41
1021,516,409,1,2852.15
1022,375,330,1,143.69
1023,1178,867,2,395.92
1024,1375,991,3,4518.09
1025,270,972,3,4364.15
1026,1289,50,2,2100.86
1027,1354,929,2,3552.35
1028,733,828,2,4959.72
1029,156,326,4,1286.58
1030,1485,797,3,845.53
1031,1294,813,1,1188.72
1032,1363,665,3,1425.13
1033,1224,98,4,3430.03
1034,148,997,2,3329.1
1035,1608,407,3,866.88
1036,464,378,2,1214.05
1037,38,479,2,226.77
1038,80,636,2,3622.25
1039,128,454,3,1735.32
1040,1586,983,4,4480.84
1041,16,780,1,2196.81
1042,606,139,2,348.4
1043,212,326,4,4806.39
1044,604,361,2,2158.49
1045,889,992,2,4984.73
1046,1264,133,1,2121.9
1047,261,394,2,3043.12
1048,460,200,2,4127.25
1049,1701,238,4,3491.32
1050,732,438,4,2799.96
1051,1233,367,4,1426.68
1052,1568,375,4,2505.15
1053,1221,245,1,3982.7
1054,1017,957,2,2107.34
1055,145,243,2,1877.35
1056,471,669,2,3545.3
1057,1848,86,3,3632.82
1058,1544,98,3,3535.39
1059,817,408,1,4572.24
1060,363,940,2,621.6
1061,1581,857,3,384.64
1062,1533,683,1,4463.56
1063,1290,133,1,2928.47
1064,1125,690,2,3273.21
1065,795,903,4,936.07
1066,1135,63,1,4445.02
1067,238,4,1,2675.01
1068,864,527,4,1337.56
1069,1858,242,4,1864.77
1070,422,495,3,4516.03
1071,1779,210,3,3506.46
1072,920,305,2,2029.57
1073,266,701,2,622.81
1074,1234,918,4,2708.61
1075,1421,471,4,4656.23
1076,1105,988,1,2211.86
1077,1897,320,2,4604.48
1078,1030,724,2,4087.89
1079,652,86,4,1750.71
1080,1765,873,2,730.85
1081,1745,375,1,3376.0
1082,1762,589,4,1712.56
1083,1675,641,1,3120.85
1084,1621,192,4,2823.6
1085,471,271,4,1802.3
1086,1078,168,3,4658.98
1087,1549,997,2,3090.83
1088,907,898,3,2684.32
1089,810,408,2,281.63
1090,1957,343,1,3456.78
1091,968,370,2,1810.41
1092,576,927,3,4768.02
1093,1741,141,2,2147.27
1094,1138,555,3,2269.87
1095,1268,505,3,3015.4
1096,1937,585,2,4512.08
1097,17,886,3,455.73
1098,13,4,2,2550.18
1099,963,792,4,2364.28
1100,1740,682,1,502.79
1101,728,445,3,935.97
1102,356,507,2,4200.57
1103,159,19,4,1383.53
1104,703,213,2,413.34
1105,1136,825,1,4406.09
1106,1172,43,4,159.52
1107,676,272,3,3107.32
1108,959,118,4,1307.4
1109,1340,67,4,1042.42
1110,1150,938,1,3237.96
1111,251,429,1,4819.95
1112,100,843,4,2630.03
1113,829,196,1,3850.6
1114,159,561,3,2513.59
1115,440,552,1,4669.52
1116,1944,303,1,3111.62
1117,1857,462,1,3734.93
1118,1065,676,2,3376.14
1119,550,163,3,3685.63
1120,852,437,4,2475.95
1121,526,783,3,1812.88
1122,101,963,3,4706.66
1123,540,934,1,932.58
1124,1919,749,1,4462.38
1125,1893,116,2,548.56
1126,1765,179,4,4555.14
1127,1782,286,3,1075.45
1128,477,382,1,1945.61
1129,1840,475,2,4512.22
1130,459,239,1,2394.59
1131,549,276,1,4803.35
1132,1936,594,3,3272.88
1133,1096,676,2,3223.0
1134,1965,458,3,3744.61
1135,1197,19,4,2984.55
1136,1841,399,1,4189.67
1137,1242,667,4,4927.83
1138,1238,561,2,3014.44
1139,1925,746,4,1303.0
1140,1264,57,3,3544.7
1141,908,906,1,3684.09
1142,1958,234,3,3868.11
1143,1563,163,1,4467.82
1144,1205,924,4,1468.58
1145,700,767,3,4881.61
1146,1568,332,1,3121.88
1147,690,51,4,3807.14
1148,1356,235,1,2554.42
1149,1484,277,4,3712.19
1150,808,498,3,4895.7
1151,1647,487,3,4163.0
1152,896,777,1,4342.03
1153,1735,287,4,2462.83
1154,458,449,3,4117.0
1155,1309,190,1,1987.33
1156,1460,76,4,4497.38
1157,1193,747,4,2630.07
1158,1031,118,4,3531.69
1159,1038,785,1,349.88
1160,58,305,4,115.06
1161,451,560,2,4619.17
1162,948,980,1,3456.58
1163,1523,269,4,2031.53
1164,1635,864,2,838.31
1165,248,238,1,4881.33
1166,1582,434,1,899.24
1167,818,788,3,1551.69
1168,494,778,4,4306.42
1169,1978,427,3,3601.21
1170,1630,327,3,4032.22
1171,387,822,3,629.4
1172,1232,381,4,3383.89
1173,220,921,2,1634.52
1174,707,738,1,1064.86
1175,1493,83,1,3479.32
1176,1148,426,1,1647.82
1177,1751,995,3,2986.87
1178,1019,807,1,1348.3
1179,207,960,3,4184.81
1180,1201,761,4,3138.35
1181,387,825,4,1083.98
1182,632,921,3,475.31
1183,1019,291,2,1179.09
1184,831,763,1,653.98
1185,1084,764,1,3206.84
1186,616,110,4,4651.42
1187,1413,37,4,4762.27
1188,951,723,1,1763.16
1189,1053,862,4,1040.85
1190,907,617,2,1960.79
1191,1041,50,3,1110.55
1192,329,446,2,349.22
1193,913,956,4,1341.36
1194,199,702,1,2392.62
1195,924,526,1,3804.24
1196,1142,187,2,1509.41
1197,1715,867,4,3359.85
1198,1635,353,2,2016.43
1199,1706,930,3,2304.61
1200,1367,643,1,3280.39
1201,1771,971,3,1893.94
1202,1935,887,1,4407.91
1203,891,648,3,4990.97
1204,1648,518,3,807.88
1205,1873,838,4,3271.26
1206,287,763,3,3218.05
1207,1552,609,4,4824.3
1208,831,112,2,3529.72
1209,423,642,3,745.52
1210,594,531,4,4635.39
1211,880,470,2,2959.71
1212,1445,322,1,2687.61
1213,901,767,3,2758.79
1214,1359,306,4,2336.64
1215,1386,105,2,1876.88
1216,1501,41,2,4200.62
1217,1806,790,4,799.58
1218,1488,906,3,4163.85
1219,1674,994,2,2422.05
1220,80,105,3,4796.75
1221,277,397,1,4917.26
1222,1113,40,4,4260.27
1223,326,324,3,4128.21
1224,1653,470,3,288.02
1225,1905,468,3,1425.46
1226,592,971,2,4316.05
1227,317,653,2,2716.98
1228,1341,533,2,754.03
1229,1122,817,4,2257.43
1230,1889,935,3,1556.07
1231,956,390,2,1167.3
1232,266,602,4,3000.27
1233,1085,858,3,486.9
1234,546,778,4,4009.09
1235,379,587,3,2141.94
1236,1127,209,3,2082.01
1237,32,419,1,3711.99
1238,1948,492,1,2748.64
1239,1653,205,3,2938.41
1240,893,676,2,4901.88
1241,1283,471,2,311.91
1242,1613,656,3,657.66
1243,12,499,1,1959.13
1244,1574,375,1,2608.46
1245,1005,789,3,3580.89
1246,661,433,1,1836.59
1247,293,760,1,242.91
1248,103,50,1,205.58
1249,1193,379,2,3720.59
1250,1515,677,3,3158.87
1251,1862,217,4,1466.52
1252,1832,878,3,1647.72
1253,1769,727,1,2699.07
1254,1922,840,2,3051.94
1255,1332,19,1,3643.11
1256,187,470,1,3375.07
1257,489,510,4,1109.1
1258,1415,509,1,421.56
1259,1636,293,4,1032.84
1260,1660,761,3,2309.51
1261,1531,219,1,2889.39
1262,1002,404,4,2213.25
1263,144,734,2,1585.03
1264,1391,53,2,520.31
1265,1305,897,1,4625.86
1266,1789,61,4,124.74
1267,1447,881,4,1488.33
1268,738,464,2,458.52
1269,1119,192,4,3059.37
1270,787,432,1,1799.4
1271,1291,630,4,4981.78
1272,1193,772,3,3682.68
1273,315,743,2,1645.36
1274,490,522,2,396.68
1275,157,109,2,1340.11
1276,672,855,3,1792.56
1277,1121,637,3,2842.91
1278,197,788,1,1056.32
1279,1233,377,2,949.0
1280,1581,76,2,2504.47
1281,852,555,2,190.34
1282,913,970,1,4014.66
1283,54,799,2,4539.34
1284,1508,985,1,3504.0
1285,590,226,1,2686.04
1286,1039,783,1,2659.63
1287,468,310,3,2112.85
1288,1690,197,3,1642.09
1289,1825,622,4,1094.57
1290,676,501,4,900.75
1291,356,508,3,4473.71
1292,350,737,1,2501.64
1293,1398,504,3,3994.54
1294,1289,198,2,594.68
1295,1137,516,4,4326.76
1296,425,141,4,3470.31
1297,639,471,2,149.41
1298,1432,62,4,654.06
1299,55,623,2,245.72
1300,1239,8,1,2455.21
1301,1966,840,2,1851.72
1302,215,988,3,111.22
1303,728,800,4,1285.8
1304,93,319,2,998.06
1305,966,61,4,1213.56
1306,1292,548,2,708.9
1307,1454,71,2,4547.05
1308,840,875,2,2694.44
1309,513,619,4,2158.59
1310,1515,49,1,2405.14
1311,61,593,4,4617.68
1312,26,969,2,4317.96
1313,596,730,2,2250.8
1314,1134,202,3,4530.06
1315,870,836,4,1831.96
1316,1136,197,2,3362.73
1317,1464,831,2,1840.23
1318,1498,856,4,996.88
1319,1956,502,3,2100.12
1320,5,418,2,401.66
1321,1321,961,4,4632.46
1322,1034,533,2,1129.84
1323,935,596,1,3797.42
1324,425,958,2,1530.69
1325,1662,170,2,4486.11
1326,321,670,2,3542.19
1327,501,724,3,3964.46
1328,551,867,3,3900.22
1329,643,636,1,4124.07
1330,1808,625,3,1895.69
1331,1602,888,2,2863.65
1332,980,469,2,4511.78
1333,380,479,3,1664.48
1334,325,731,3,3279.93
1335,195,722,2,3312.76
1336,1483,999,1,2572.87
1337,880,342,4,2750.65
1338,766,345,1,3404.93
1339,133,81,2,381.08
1340,976,404,4,3415.56
1341,906,990,1,2559.53
1342,1051,209,4,2159.88
1343,999,542,3,415.11
1344,1758,388,4,500.61
1345,1134,189,4,4938.72
1346,518,494,2,4480.09
1347,1538,179,4,845.5
1348,1930,185,2,1177.63
1349,1223,991,1,753.1
1350,1675,65,3,4080.03
1351,907,259,4,1692.38
1352,273,386,4,4486.53
1353,1306,525,3,1113.53
1354,137,732,3,1425.5
1355,330,56,3,2395.89
1356,592,15,3,4369.78
1357,381,712,1,4298.47
1358,85,661,3,1597.5
1359,1935,912,2,3591.43
1360,1589,667,4,1057.48
1361,1649,268,3,4037.53
1362,725,844,4,3238.62
1363,1268,82,1,3789.96
1364,939,664,1,995.83
1365,1223,654,2,270.05
1366,717,46,3,4305.04
1367,1552,918,4,1985.48
1368,1726,455,3,2507.94
1369,1531,148,3,793.35
1370,1574,211,3,3780.09
1371,723,487,1,4710.72
1372,1917,321,4,2019.86
1373,990,106,4,2230.35
1374,927,991,3,4508.88
1375,319,740,1,990.55
1376,846,692,2,1565.66
1377,1934,999,4,1288.32
1378,1452,296,3,1173.88
1379,417,578,4,3347.4
1380,1034,639,4,301.52
1381,1396,223,3,3539.54
1382,1767,459,2,639.81
1383,241,790,1,2845.97
1384,1013,540,3,3823.01
1385,1719,807,1,3243.34
1386,1410,304,2,2502.96
1387,140,296,4,1912.23
1388,1530,964,4,1715.61
1389,82,668,4,2123.99
1390,1386,233,2,3094.54
1391,590,362,4,1722.47
1392,384,118,1,4894.25
1393,33,196,3,4076.42
1394,942,483,2,4404.97
1395,1094,619,4,1496.22
1396,1575,40,3,3278.18
1397,1509,540,3,2198.43
1398,480,73,3,3019.64
1399,757,929,4,1866.27
1400,316,816,2,3672.06
1401,774,613,1,2161.11
1402,242,715,4,721.79
1403,352,489,4,845.02
1404,1174,3,4,1077.65
1405,1829,392,3,1871.85
1406,256,629,1,1124.08
1407,1703,702,4,2714.89
1408,1253,539,1,4527.09
1409,1386,839,3,2524.1
1410,1684,72,2,1904.71
1411,305,500,2,260.04
1412,1997,332,3,435.06
1413,1830,707,2,1143.1
1414,1837,257,4,3210.09
1415,1359,334,2,3679.33
1416,1438,174,3,443.79
1417,729,866,1,1808.4
1418,1758,558,3,4893.18
1419,1418,276,1,4133.43
1420,864,907,1,1353.01
1421,597,676,3,2406.1
1422,905,141,3,4616.38
1423,877,81,4,1233.76
1424,1494,864,2,4262.07
1425,1432,557,1,4903.29
1426,1624,18,1,3593.63
1427,603,908,2,2560.35
1428,744,996,3,689.42
1429,547,332,1,4413.79
1430,1144,826,1,3962.57
1431,1609,712,2,4082.4
1432,105,387,4,3769.51
1433,290,306,4,448.82
1434,281,834,4,1589.54
1435,10,843,4,385.07
1436,163,459,3,2437.5
1437,1635,663,3,3892.97
1438,315,704,2,2644.7
1439,1063,305,4,364.2
1440,1729,271,2,4455.88
1441,1740,973,3,4022.42
1442,612,139,2,696.36
1443,1040,45,3,4628.37
1444,1775,445,4,1735.82
1445,1084,199,3,3385.13
1446,165,203,3,4058.64
1447,350,162,3,1276.13
1448,846,154,4,2612.64
1449,398,402,1,623.5
1450,453,167,4,4081.44
1451,1963,617,2,4852.41
1452,38,88,2,4622.07
1453,1887,778,4,1511.79
1454,1516,140,1,3213.62
1455,1492,422,2,3650.93
1456,806,143,3,3003.9
1457,1793,645,1,1759.1
1458,1174,284,2,1053.76
1459,1670,153,3,1585.2
1460,427,196,2,4842.64
1461,1325,168,2,1194.52
1462,1938,61,1,226.14
1463,831,745,4,1491.85
1464,361,296,2,4698.71
1465,538,758,4,2004.63
1466,508,250,1,2237.4
1467,1900,466,2,3384.93
1468,1353,999,4,2724.43
1469,1095,853,3,4787.31
1470,731,695,4,4093.97
1471,572,802,4,677.87
1472,676,845,4,2380.84
1473,1271,161,3,2680.06
1474,613,802,1,3827.39
1475,1991,172,2,1158.57
1476,800,24,3,2272.89
1477,736,758,4,4826.84
1478,246,755,4,1200.92
1479,229,200,2,754.05
1480,324,944,1,1800.72
1481,1307,126,2,2075.03
1482,1032,957,1,186.64
1483,1523,320,1,980.11
1484,800,160,4,3033.1
1485,9,48,3,2794.42
1486,1568,504,2,2345.17
1487,1533,750,4,3875.27
1488,1972,877,1,1469.55
1489,1730,236,2,579.73
1490,944,650,1,4301.71
1491,349,675,3,3283.88
1492,153,502,3,561.09
1493,1611,789,4,585.52
1494,1734,383,1,768.84
1495,107,376,4,3533.8
1496,157,929,2,1811.62
1497,1429,223,4,1471.98
1498,1163,487,2,3694.99
1499,1692,148,2,1152.57
1500,281,32,1,4533.28
1501,1752,765,4,4561.47
1502,543,368,4,3694.55
1503,1860,589,2,4524.26
1504,497,903,1,3416.06
1505,1362,292,3,1726.83
1506,902,671,4,432.7
1507,214,360,2,2933.2
1508,1153,779,1,4719.53
1509,1573,151,2,400.67
1510,826,480,3,3108.51
1511,689,906,4,4356.86
1512,1742,134,3,4745.74
1513,1154,194,2,1114.86
1514,423,459,1,264.04
1515,773,449,1,3830.95
1516,187,969,2,686.86
1517,162,549,4,191.8
1518,830,765,3,2277.86
1519,380,23,2,1590.84
1520,321,817,4,3182.85
1521,777,713,3,2167.62
1522,544,483,1,2320.31
1523,1349,977,4,388.3
1524,96,87,4,4221.91
1525,1419,57,4,3900.99
1526,216,266,3,4147.97
1527,442,402,1,4269.04
1528,1773,945,2,2972.48
1529,1773,886,1,2159.19
1530,1560,346,1,1602.22
1531,567,763,3,635.75
1532,441,43,2,1854.04
1533,994,525,4,2800.23
1534,1789,765,4,3635.25
1535,523,745,3,2822.29
1536,27,501,3,2909.73
1537,1764,838,4,3870.65
1538,423,141,4,2617.71
1539,969,978,3,2391.7
1540,1496,703,4,3324.72
1541,871,523,3,2669.22
1542,788,147,4,3444.6
1543,573,136,3,4418.95
1544,1519,770,1,3365.77
1545,1185,908,3,440.07
1546,94,900,4,4249.73
1547,1773,501,1,4943.4
1548,1709,935,4,3208.63
1549,1186,135,1,686.28
1550,61,348,1,481.25
1551,1662,87,3,3514.73
1552,1582,813,4,515.13
1553,82,940,3,4497.93
1554,1837,347,4,1769.84
1555,358,386,1,3786.47
1556,278,263,1,1769.02
1557,1809,602,4,4579.87
1558,335,793,4,611.49
1559,1043,224,4,117.13
1560,1676,17,1,2297.93
1561,1894,221,4,4234.35
1562,876,28,1,2538.33
1563,1183,41,4,1149.62
1564,1630,649,3,3301.19
1565,1644,535,1,2515.71
1566,1881,595,3,1216.1
1567,761,924,2,2928.59
1568,1643,612,4,3965.95
1569,1553,835,3,1090.69
1570,1994,139,1,1380.49
1571,704,427,4,4362.83
1572,1174,353,3,4584.18
1573,1865,523,3,2010.82
1574,376,677,1,3238.79
1575,1672,442,4,3648.1
1576,88,954,1,4417.76
1577,906,228,4,401.25
1578,533,768,3,4676.44
1579,1509,970,1,586.05
1580,1505,547,1,2903.66
1581,1422,427,3,4512.66
1582,61,808,3,513.04
1583,879,170,3,3598.74
1584,658,810,4,4035.13
1585,1541,475,4,4256.29
1586,1625,53,4,1770.18
1587,795,78,2,3492.59
1588,690,597,4,613.48
1589,1079,597,1,119.64
1590,296,48,3,2662.55
1591,1531,551,4,2057.75
1592,399,918,3,4967.04
1593,1796,402,4,3950.78
1594,998,63,2,4536.27
1595,1835,161,4,1286.09
1596,1316,625,1,2814.68
1597,1240,420,4,247.47
1598,1199,544,3,1950.64
1599,137,708,1,3503.55
1600,1804,720,3,2783.97
1601,1480,242,4,1251.57
1602,159,951,4,2921.78
1603,1298,469,4,804.44
1604,54,771,3,425.74
1605,266,198,4,646.41
1606,1411,345,3,2071.09
1607,1863,294,4,810.17
1608,302,171,4,2523.8
1609,1799,224,3,4242.74
1610,887,212,3,4704.76
1611,726,898,2,4110.83
1612,891,578,1,4604.89
1613,1784,980,2,1570.52
1614,1436,662,3,2591.08
1615,851,496,3,529.39
1616,165,305,3,4363.81
1617,1285,390,3,4178.94
1618,283,880,2,1919.58
1619,1147,987,3,3407.54
1620,1620,603,3,4157.74
1621,637,254,2,2393.35
1622,799,324,4,2993.97
1623,874,287,4,1690.31
1624,1995,173,2,4641.33
1625,558,76,4,1892.43
1626,1824,29,3,1195.19
1627,1587,713,4,4151.1
1628,478,995,2,910.27
1629,1438,75,2,2826.23
1630,539,423,2,957.28
1631,1486,72,1,4699.11
1632,185,980,3,794.54
1633,1402,178,1,2573.25
1634,609,722,2,2553.45
1635,1226,692,2,4314.55
1636,1356,457,2,2686.0
1637,901,668,1,1203.59
1638,1591,305,4,4877.96
1639,1263,657,1,2128.28
1640,1562,570,2,2686.73
1641,399,779,4,4349.73
1642,1426,300,3,4346.73
1643,636,866,2,1140.92
1644,1620,172,3,1826.22
1645,1181,709,3,4417.63
1646,1926,986,2,595.64
1647,1622,572,3,2483.84
1648,602,981,3,3623.81
1649,48,592,4,4936.89
1650,1479,998,2,1713.8
1651,1115,122,3,3301.59
1652,482,565,4,1363.96
1653,1061,51,1,1995.06
1654,628,697,2,1312.89
1655,1043,477,4,440.92
1656,1784,364,1,2754.77
1657,1016,275,4,944.6
1658,193,510,4,738.74
1659,1528,507,2,3446.07
1660,623,585,2,1940.66
1661,796,951,3,1416.98
1662,1432,284,4,1921.12
1663,1779,755,2,2473.47
1664,920,334,4,1710.74
1665,731,799,1,1819.59
1666,1881,231,2,867.16
1667,1231,466,4,4201.83
1668,461,974,1,4041.36
1669,696,292,4,2171.51
1670,297,731,3,1284.9
1671,1543,621,1,1558.11
1672,497,200,4,1036.65
1673,287,214,2,2705.92
1674,1271,728,3,4810.76
1675,1579,435,3,4808.72
1676,444,656,4,2719.68
1677,1580,43,1,3750.28
1678,995,631,1,2212.41
1679,1119,733,1,3819.67
1680,1013,296,4,1905.62
1681,14,331,2,2367.76
1682,186,640,3,4786.89
1683,1390,53,4,4136.64
1684,6,695,1,633.36
1685,853,161,1,2080.15
1686,1939,484,3,3518.95
1687,1609,533,3,714.91
1688,1322,75,3,780.24
1689,1857,47,1,2122.52
1690,1915,619,1,649.63
1691,959,263,2,1934.91
1692,944,853,1,1068.3
1693,1388,35,1,3853.58
1694,1088,465,3,4972.16
1695,117,843,1,3781.02
1696,1252,765,1,2555.97
1697,891,73,1,2289.06
1698,906,590,1,4144.54
1699,381,572,2,3411.24
1700,158,480,2,4100.14
1701,319,208,2,2205.28
1702,1203,793,2,1311.96
1703,231,596,4,3705.84
1704,1890,396,3,1291.91
1705,314,532,2,2704.97
1706,1954,519,1,4595.33
1707,17,594,2,4031.49
1708,1482,633,4,4476.87
1709,501,71,2,3882.92
1710,1179,753,1,3393.5
1711,239,217,1,2177.47
1712,802,95,2,1446.81
1713,1909,976,2,2038.4
1714,1285,710,2,428.87
1715,1851,873,2,3266.08
1716,1856,199,3,2297.96
1717,393,386,1,2473.15
1718,1262,48,1,2702.89
1719,1861,804,2,731.72
1720,362,498,1,2171.33
1721,900,845,1,1694.95
1722,185,364,3,1199.14
1723,563,858,2,4715.79
1724,330,760,1,2448.54
1725,57,801,1,1887.9
1726,1585,339,3,3195.79
1727,841,825,2,3844.29
1728,1194,962,4,753.86
1729,1020,36,3,362.16
1730,1601,188,3,2600.33
1731,1656,714,3,4269.6
1732,273,378,1,4932.46
1733,587,250,2,1990.66
1734,1998,614,4,2635.58
1735,1620,871,3,2766.52
1736,492,54,2,3615.09
1737,1193,659,1,3894.6
1738,579,173,1,1306.5
1739,761,616,3,888.32
1740,888,306,1,3945.88
1741,660,772,4,1566.91
1742,667,360,2,1198.05
1743,1180,233,1,2568.18
1744,632,654,1,4347.32
1745,1577,62,1,4542.5
1746,674,510,2,679.86
1747,67,490,2,411.23
1748,1458,45,1,3359.95
1749,697,551,3,1445.72
1750,1037,718,1,3880.7
1751,693,578,2,369.41
1752,1256,534,1,4929.02
1753,1355,666,4,1820.64
1754,1892,127,4,4362.73
1755,939,818,1,2930.61
1756,734,620,3,1906.71
1757,555,582,2,1950.56
1758,60,792,2,2170.55
1759,1526,716,4,872.02
1760,455,197,2,3565.66
1761,1140,215,3,3006.52
1762,1358,968,2,2707.6
1763,1774,891,1,1627.98
1764,247,254,1,1499.4
1765,1247,464,1,3706.72
1766,1953,125,3,4948.6
1767,400,358,2,630.06
1768,566,336,2,3029.42
1769,524,603,2,4335.16
1770,1656,895,3,1785.06
1771,1453,680,1,2435.77
1772,777,797,3,606.39
1773,404,8,2,228.36
1774,1748,613,2,4687.38
1775,1565,169,2,856.94
1776,1729,960,3,613.01
1777,1318,869,4,984.61
1778,1431,544,3,739.1
1779,543,418,1,2691.39
1780,1676,331,4,1061.8
1781,1851,790,2,4235.49
1782,740,989,4,1096.28
1783,658,710,2,1124.11
1784,658,400,1,4763.25
1785,1011,679,4,4706.13
1786,57,741,1,3006.9
1787,1907,441,4,1990.49
1788,1130,680,4,613.87
1789,1600,546,4,4073.74
1790,766,240,1,4737.92
1791,1413,889,4,3863.55
1792,110,912,4,3728.09
1793,129,317,2,4524.66
1794,1707,780,2,1486.49
1795,402,249,4,1772.77
1796,213,366,1,1431.74
1797,1151,166,1,2191.08
1798,1705,34,4,1197.63
1799,1612,368,3,831.0
1800,1576,643,4,1761.83
1801,857,709,3,1205.02
1802,1477,895,2,1153.53
1803,941,927,1,105.33
1804,1753,649,2,907.0
1805,813,19,4,3894.76
1806,115,892,1,2056.67
1807,851,904,4,1578.08
1808,503,50,4,4964.28
1809,92,619,3,3561.16
1810,782,6,3,290.1
1811,1797,92,4,1792.23
1812,495,66,3,4210.05
1813,731,951,1,2983.06
1814,384,770,1,101.08
1815,219,319,2,3672.21
1816,1871,491,2,3728.64
1817,1205,317,4,1320.55
1818,262,811,3,4628.17
1819,221,184,4,4398.32
1820,838,843,4,3217.5
1821,1587,664,2,2958.11
1822,47,701,2,2705.8
1823,947,411,4,4781.25
1824,256,756,4,706.33
1825,556,417,3,248.75
1826,353,50,2,1182.92
1827,91,575,4,1481.79
1828,1484,4,1,1053.88
1829,766,885,3,4982.03
1830,677,588,1,4799.35
1831,1914,47,3,4383.48
1832,1127,577,3,3350.83
1833,196,254,2,1346.93
1834,324,417,4,2785.78
1835,1914,537,4,3979.9
1836,1266,136,3,3167.71
1837,1074,623,3,3538.06
1838,1299,652,1,4129.32
1839,1339,799,2,3584.39
1840,1540,26,2,2335.2
1841,91,81,4,1400.79
1842,1045,916,1,1717.81
1843,195,101,3,4546.71
1844,947,244,4,1602.32
1845,711,349,3,265.33
1846,825,92,4,3022.56
1847,145,655,4,4187.07
1848,572,832,4,4739.08
1849,1331,310,3,2189.3
1850,1985,154,3,4963.14
1851,564,878,1,4480.24
1852,1809,854,2,196.22
1853,1211,88,1,1503.45
1854,541,323,3,2021.22
1855,123,511,3,926.29
1856,1772,288,2,887.58
1857,1547,333,3,2345.17
1858,970,512,1,3130.01
1859,1392,796,1,2351.55
1860,44,119,3,735.03
1861,319,426,4,4803.35
1862,876,69,4,430.44
1863,734,960,3,318.88
1864,198,127,3,2863.73
1865,1892,237,2,4489.67
1866,183,610,4,3588.45
1867,298,911,1,1107.69
1868,897,567,4,2845.14
1869,1281,53,3,1069.34
1870,757,148,3,3262.32
1871,534,898,1,1900.81
1872,269,947,1,3992.64
1873,1967,956,2,2078.28
1874,675,474,4,1915.73
1875,1545,621,2,3322.96
1876,59,132,3,2488.59
1877,438,675,2,796.13
1878,1992,423,2,498.75
1879,901,688,1,457.91
1880,565,326,4,1500.91
1881,360,377,4,4088.84
1882,957,3,1,4357.56
1883,1089,12,4,2467.27
1884,123,504,3,2985.7
1885,81,159,1,2487.13
1886,964,185,1,836.48
1887,575,23,2,3074.86
1888,692,530,2,3604.0
1889,345,766,2,815.49
1890,739,402,2,2849.13
1891,1090,573,3,335.24
1892,279,213,1,1808.87
1893,138,934,3,4431.75
1894,1205,689,1,2029.28
1895,706,436,3,1984.74
1896,712,109,1,3290.24
1897,762,100,2,4918.47
1898,429,613,2,4414.68
1899,1589,804,4,4482.67
1900,1910,743,2,3543.86
1901,1562,163,2,3061.92
1902,1517,764,3,3252.5
1903,296,948,4,2409.78
1904,1814,951,4,4120.35
1905,866,829,4,4887.56
1906,583,811,4,3596.65
1907,1058,145,4,3520.87
1908,1555,140,1,3829.52
1909,1435,753,4,1691.98
1910,1629,130,2,3062.2
1911,1627,974,4,2146.94
1912,1112,830,1,4802.49
1913,616,441,4,165.01
1914,1969,479,1,1257.2
1915,83,104,4,259.43
1916,321,169,3,3140.71
1917,191,207,4,1311.75
1918,1494,636,2,944.25
1919,1648,728,2,4758.06
1920,108,2,2,4392.0
1921,1630,899,1,614.4
1922,1639,558,2,3772.13
1923,1523,462,1,4192.29
1924,256,930,1,2041.32
1925,712,834,4,2011.11
1926,993,658,1,3868.99
1927,221,293,1,421.26
1928,451,12,4,1723.57
1929,1739,496,3,2952.06
1930,839,992,3,1677.12
1931,64,442,1,3928.49
1932,324,364,1,1951.81
1933,528,916,4,4140.05
1934,1558,286,3,2360.03
1935,1796,907,3,4256.7
1936,191,30,4,4302.58
1937,1361,691,1,3788.19
1938,508,367,2,728.35
1939,783,330,1,821.5
1940,15,927,3,4067.85
1941,1521,428,3,3735.35
1942,1486,67,3,2060.97
1943,835,416,3,2385.89
1944,545,993,3,4085.04
1945,605,573,2,4721.83
1946,1480,38,1,2094.62
1947,1710,253,2,1284.43
1948,120,847,2,4621.12
1949,1991,945,4,575.84
1950,1538,605,1,2685.73
1951,1174,855,4,1182.8
1952,1502,321,4,4062.91
1953,1649,95,4,2809.74
1954,1806,807,1,2820.87
1955,787,80,1,4675.49
1956,241,638,1,4897.82
1957,263,68,4,2536.58
1958,1536,79,2,3683.52
1959,1400,411,1,1374.5
1960,278,866,2,1747.87
1961,1413,251,4,1792.34
1962,376,188,2,1435.12
1963,797,438,3,746.66
1964,1302,410,2,1662.35
1965,177,848,1,4991.26
1966,1678,977,3,2989.71
1967,1585,363,4,4908.8
1968,356,352,2,4609.96
1969,1822,967,2,706.66
1970,618,829,3,1134.58
1971,139,496,4,4837.17
1972,608,998,3,1198.31
1973,1946,135,4,1908.56
1974,1976,849,2,2106.1
1975,885,590,4,2728.18
1976,1461,171,3,4191.3
1977,393,110,4,4647.94
1978,67,799,2,4540.32
1979,220,510,4,2848.0
1980,595,68,3,1439.0
1981,1348,174,2,4574.24
1982,1576,979,2,1621.75
1983,1757,574,1,1240.17
1984,609,127,2,3673.79
1985,384,164,3,1799.37
1986,83,629,2,3389.61
1987,833,341,3,2207.49
1988,1513,33,4,389.08
1989,1574,881,2,4690.31
1990,1373,872,2,3624.14
1991,1492,165,2,1525.43
1992,662,281,4,3947.75
1993,400,162,3,4160.21
1994,1132,661,2,4771.34
1995,1661,996,1,1942.43
1996,1526,430,1,721.21
1997,1530,77,3,4576.71
1998,285,152,4,1584.23
1999,228,436,1,1176.72
2000,309,191,1,1451.01
2001,457,829,4,241.32
2002,1384,599,3,2231.09
2003,937,675,3,1947.64
2004,42,588,3,1279.81
2005,1687,592,3,4084.67
2006,1250,876,4,2074.41
2007,242,75,3,2877.4
2008,1963,824,3,3106.22
2009,397,489,2,1615.57
2010,925,454,3,1665.16
2011,762,654,4,1999.18
2012,659,126,1,3451.06
2013,1493,812,4,2122.03
2014,324,589,3,1551.16
2015,1064,172,2,1673.06
2016,1025,558,1,120.83
2017,175,570,2,3795.22
2018,1009,191,3,1119.9
2019,1561,937,4,591.54
2020,1883,272,4,1971.15
2021,393,488,1,4995.08
2022,573,278,4,1691.89
2023,1063,582,1,4874.78
2024,1881,568,4,3833.55
2025,1394,540,2,4527.52
2026,1607,923,2,2051.08
2027,1110,946,2,3552.4
2028,669,817,2,2622.59
2029,1423,26,1,3923.63
2030,558,338,3,2921.43
2031,142,118,4,4628.17
2032,1041,62,1,1569.44
2033,1086,812,4,4113.55
2034,271,587,4,1198.53
2035,118,881,2,2252.61
2036,1457,915,2,887.51
2037,1512,469,1,4666.54
2038,1951,135,2,3482.75
2039,957,206,2,4737.49
2040,1521,753,1,2515.25
2041,302,878,2,4055.59
2042,729,667,3,4429.74
2043,701,602,4,1509.94
2044,476,862,2,4312.64
2045,1547,24,1,150.35
2046,253,28,2,3766.74
2047,1854,624,4,3151.56
2048,401,620,1,549.11
2049,933,625,1,633.1
2050,784,588,4,3414.17
2051,12,836,1,515.03
2052,1002,44,2,2412.53
2053,818,540,1,3635.76
2054,832,385,2,1770.58
2055,279,363,3,1042.41
2056,924,25,2,4924.88
2057,356,139,2,4492.89
2058,791,132,4,1022.82
2059,1265,198,1,3558.88
2060,507,936,4,3623.6
2061,1175,233,4,2379.97
2062,825,527,3,1752.74
2063,1046,937,2,899.8
2064,779,421,2,4940.06
2065,415,521,3,549.44
2066,259,395,2,1055.14
2067,1281,861,4,4234.6
2068,1082,558,2,1466.2
2069,553,875,3,454.52
2070,1425,649,1,4450.55
2071,778,822,3,2000.42
2072,594,724,1,4448.86
2073,1200,231,2,932.78
2074,720,68,2,1269.84
2075,1656,468,1,419.77
2076,1967,834,2,1005.96
2077,732,618,4,1198.51
2078,1174,756,1,4584.43
2079,1846,2,4,166.01
2080,83,505,2,564.03
2081,471,217,3,3075.2
2082,86,88,4,4822.31
2083,406,810,4,3196.57
2084,1601,836,3,2535.83
2085,980,795,2,3400.78
2086,308,175,3,883.0
2087,567,249,3,801.74
2088,717,847,1,1256.04
2089,1295,400,1,986.4
2090,798,118,1,724.08
2091,607,713,1,212.33
2092,591,449,1,4205.07
2093,873,618,1,2004.01
2094,586,724,4,2195.94
2095,1875,250,1,2529.44
2096,862,320,1,1359.15
2097,1931,957,4,4330.27
2098,1930,770,4,3765.33
2099,250,327,1,1478.17
2100,1625,814,4,3201.91
2101,1072,92,2,3555.81
2102,1792,549,3,3742.96
2103,398,604,3,2890.87
2104,1240,164,3,2800.52
2105,708,679,1,3329.16
2106,1321,641,2,1590.59
2107,1994,933,1,4133.43
2108,1389,27,3,4190.99
2109,237,556,4,2542.41
2110,181,445,4,4641.43
2111,486,842,2,3316.71
2112,1640,698,3,3705.11
2113,780,410,1,763.62
2114,118,327,2,4081.91
2115,739,370,2,4406.84
2116,902,162,1,4453.55
2117,1069,979,1,2652.62
2118,1560,817,2,2671.09
2119,1968,437,2,1867.0
2120,1558,194,3,4293.11
2121,289,278,1,431.34
2122,853,550,4,2866.41
2123,495,141,4,1464.93
2124,446,636,1,2091.35
2125,458,349,4,4272.14
2126,707,629,3,3530.29
2127,1763,502,1,116.18
2128,346,62,3,2376.73
2129,485,441,1,2716.48
2130,862,587,2,2675.89
2131,769,583,3,4463.79
2132,1208,482,4,3509.74
2133,331,732,3,3100.49
2134,1487,507,2,1240.64
2135,1110,457,1,924.11
2136,515,388,4,1400.11
2137,1119,271,3,3366.02
2138,457,951,2,1045.26
2139,1304,686,4,3748.58
2140,1120,656,1,1208.94
2141,1587,239,1,2887.53
2142,1431,199,3,1143.57
2143,1962,771,4,2882.09
2144,1711,76,1,3596.16
2145,756,435,3,2662.38
2146,687,819,2,263.81
2147,996,923,4,642.91
2148,1838,207,1,2496.26
2149,83,952,4,131.91
2150,506,24,4,4522.28
2151,1578,873,1,2019.87
2152,945,216,2,2475.4
2153,1343,295,3,3166.02
2154,481,619,3,1538.59
2155,442,880,4,4340.18
2156,1034,78,1,3050.57
2157,1395,782,1,694.32
2158,1049,424,1,2608.01
2159,805,680,2,3104.96
2160,665,947,1,2837.66
2161,1946,107,4,1030.69
2162,1418,430,3,2680.56
2163,758,696,3,3510.87
2164,1050,505,1,3889.95
2165,131,55,4,1637.2
2166,741,535,1,2786.87
2167,1634,442,2,1539.28
2168,1027,655,2,2218.88
2169,863,873,1,343.46
2170,138,838,1,1565.23
2171,214,565,1,2983.36
2172,1513,177,1,2008.48
2173,1226,417,3,3886.34
2174,877,406,3,4438.43
2175,1190,670,1,2954.8
2176,1427,872,3,3212.6
2177,795,684,4,2748.15
2178,242,400,4,2414.06
2179,1684,252,2,3736.74
2180,458,530,4,1057.27
2181,1254,696,1,2482.95
2182,658,649,4,2169.81
2183,1964,586,2,2649.91
2184,1583,649,4,429.02
2185,522,14,4,3579.06
2186,1518,340,4,3191.19
2187,1491,519,4,143.12
2188,924,719,4,2510.52
2189,209,652,3,2922.1
2190,1639,304,3,1873.04
2191,1596,261,4,1946.51
2192,1435,411,2,3895.23
2193,604,263,4,2908.39
2194,1917,444,3,2864.91
2195,82,257,2,2860.58
2196,1546,90,4,1171.97
2197,24,655,3,4858.68
2198,413,43,2,1602.85
2199,1237,916,2,324.12
2200,100,844,2,531.76
2201,1776,866,4,4235.67
2202,696,133,4,3742.08
2203,848,428,4,4155.02
2204,44,295,2,134.37
2205,63,966,1,2682.3
2206,108,281,4,3747.3
2207,248,123,1,3941.12
2208,716,56,2,3106.19
2209,1799,162,4,4950.37
2210,1108,134,3,3762.03
2211,523,105,4,1198.27
2212,1899,237,3,2126.42
2213,1267,990,2,934.3
2214,1976,353,1,1736.48
2215,1043,108,4,1212.24
2216,151,58,4,1309.57
2217,1749,925,3,3767.67
2218,1097,810,2,4062.7
2219,1003,194,3,4282.23
2220,1318,167,3,3925.96
2221,376,754,4,1596.95
2222,1062,364,2,4252.55
2223,1136,412,3,3823.84
2224,727,781,4,3771.28
2225,405,979,1,151.26
2226,1735,873,4,4493.78
2227,342,432,1,442.28
2228,794,855,2,1789.03
2229,980,290,4,4001.57
2230,1114,36,2,2823.39
2231,1159,286,4,2563.83
2232,1146,831,4,4353.88
2233,1252,251,3,3952.22
2234,1932,391,1,1802.23
2235,985,901,4,2133.85
2236,1844,640,4,3149.56
2237,1898,56,2,2722.32
2238,1551,18,3,3835.4
2239,1974,586,2,3950.92
2240,1220,256,1,715.01
2241,1363,648,2,1969.98
2242,754,282,1,733.83
2243,1506,183,1,4438.28
2244,1428,449,3,412.44
2245,550,859,1,2879.02
2246,1043,552,1,508.55
2247,974,55,3,3849.5
2248,64,825,4,2123.09
2249,1683,910,2,3078.48
2250,268,472,2,3801.12
2251,1849,298,2,2749.0
2252,384,977,3,2173.49
2253,1391,311,3,2538.52
2254,166,968,3,3511.44
2255,1394,18,4,4340.46
2256,25,188,2,133.92
2257,1479,78,1,3217.93
2258,1191,559,2,3980.45
2259,1164,78,1,2713.3
2260,1056,554,4,971.04
2261,300,861,3,720.29
2262,337,490,2,4620.78
2263,491,789,1,2252.44
2264,1471,490,4,4387.32
2265,1031,166,4,4633.64
2266,1714,345,3,693.86
2267,963,811,4,4851.03
2268,58,351,4,3070.76
2269,211,361,4,634.69
2270,925,409,3,4468.96
2271,638,317,2,812.51
2272,1255,868,3,1235.16
2273,97,816,4,803.26
2274,48,976,4,129.14
2275,438,603,2,307.08
2276,366,943,4,2668.22
2277,934,920,4,4507.89
2278,1052,556,3,4423.05
2279,1221,163,2,1381.06
2280,1381,703,4,4981.48
2281,484,902,2,200.38
2282,807,349,2,4855.61
2283,197,285,3,553.36
2284,1945,32,3,4015.36
2285,1460,482,3,650.15
2286,1771,769,2,1577.51
2287,807,442,3,998.4
2288,47,146,2,2328.65
2289,1015,349,2,2050.8
2290,813,65,4,2070.87
2291,418,686,3,2739.36
2292,1696,645,4,311.96
2293,1220,249,4,3431.66
2294,1583,873,2,3843.11
2295,923,983,2,2962.18
2296,790,100,1,2467.01
2297,978,317,3,1727.66
2298,93,974,4,2464.56
2299,645,169,1,3033.27
2300,1995,262,3,3032.07
2301,233,107,1,4199.68
2302,136,464,4,760.07
2303,350,544,2,4167.6
2304,1536,732,3,4719.03
2305,1512,829,3,3243.38
2306,633,720,4,2298.96
2307,1407,783,4,4336.76
2308,172,658,3,3039.58
2309,1811,72,2,1678.43
2310,1754,526,2,1724.41
2311,531,143,1,2562.96
2312,981,957,2,4097.43
2313,1415,244,1,483.33
2314,1224,917,2,2397.47
2315,426,14,1,409.75
2316,1978,663,3,1675.2
2317,156,920,2,3621.44
2318,1531,765,1,1160.3
2319,514,33,4,829.32
2320,31,620,1,3880.59
2321,1654,313,2,141.82
2322,469,645,1,1492.0
2323,903,496,2,1663.84
2324,626,179,3,2028.49
2325,532,671,4,1580.1
2326,102,204,1,1811.79
2327,487,323,3,4757.61
2328,1098,72,2,2483.84
2329,1615,514,3,3281.3
2330,553,50,4,2861.05
2331,1489,794,1,4796.41
2332,845,877,4,3651.57
2333,926,356,2,935.7
2334,1582,841,4,2632.6
2335,1473,691,4,3928.15
2336,1915,756,3,1006.88
2337,928,787,4,2646.13
2338,1454,102,2,3015.1
2339,1244,800,3,961.28
2340,297,277,2,3594.19
2341,1942,203,4,4799.59
2342,1693,670,3,939.52
2343,747,781,4,3248.11
2344,1292,437,2,2379.05
2345,908,180,3,2235.48
2346,78,689,4,3156.41
2347,1329,820,3,4026.05
2348,1772,94,3,3879.3
2349,1858,406,1,1763.98
2350,68,457,1,1600.96
2351,1962,545,1,4694.3
2352,1080,330,4,3052.23
2353,74,803,3,304.77
2354,1233,739,4,3469.18
2355,620,292,1,3466.66
2356,1264,719,3,2648.57
2357,1833,56,3,3842.33
2358,314,435,4,891.82
2359,1560,399,2,781.6
2360,1480,837,2,2945.3
2361,515,192,1,2228.93
2362,1923,664,2,1817.43
2363,60,633,1,1001.66
2364,1270,720,2,3230.36
2365,1151,785,2,1840.17
2366,497,361,2,1237.84
2367,227,863,3,1503.74
2368,107,341,1,1300.43
2369,317,841,2,4973.76
2370,1099,482,2,1902.23
2371,1983,921,2,2930.03
2372,436,97,2,2842.13
2373,1333,944,4,3003.92
2374,8,900,1,515.39
2375,1900,778,1,567.6
2376,1105,216,1,2431.25
2377,1656,364,2,1496.6
2378,819,769,3,1553.67
2379,768,951,3,2344.53
2380,1657,543,2,2107.5
2381,324,243,3,758.39
2382,1165,990,1,4611.06
2383,1737,677,2,2559.2
2384,1598,326,3,3251.97
2385,1925,846,1,4416.13
2386,1449,813,2,3098.32
2387,664,604,3,1828.4
2388,850,39,4,1595.44
2389,1512,709,4,4733.1
2390,1035,119,1,2844.46
2391,981,366,2,1070.63
2392,360,158,4,4374.69
2393,1179,478,4,2512.15
2394,1858,567,2,1390.92
2395,189,201,3,1108.53
2396,1054,341,2,2862.87
2397,334,137,4,413.69
2398,50,257,3,1881.75
2399,1849,223,1,1724.58
2400,1423,928,1,4862.1
2401,891,734,3,4687.64
2402,1048,983,2,1678.62
2403,174,973,2,4514.97
2404,1462,883,1,3373.09
2405,25,864,4,3488.48
2406,1110,7,1,1025.87
2407,1834,808,4,3090.98
2408,1774,9,2,3871.96
2409,1860,770,4,3886.45
2410,239,603,4,2926.25
2411,648,771,4,3652.85
2412,1631,439,4,1624.66
2413,708,10,3,3059.58
2414,1988,433,3,4939.56
2415,353,408,4,328.76
2416,96,585,3,3719.83
2417,335,336,1,2266.62
2418,695,795,4,1058.22
2419,437,687,4,3143.45
2420,378,197,2,719.79
2421,770,513,3,1038.15
2422,125,994,4,3750.6
2423,1968,82,4,1479.56
2424,984,626,2,2171.51
2425,1632,969,1,736.8
2426,808,295,1,575.48
2427,1692,772,1,3017.98
2428,870,512,1,1699.23
2429,1086,985,3,2575.29
2430,1164,585,1,1234.4
2431,1835,621,1,3788.68
2432,965,806,4,493.64
2433,1595,148,2,4986.46
2434,137,720,4,1747.13
2435,735,740,4,1572.68
2436,1812,185,4,2645.7
2437,1516,329,3,545.53
2438,619,241,3,616.48
2439,406,302,2,1756.94
2440,1199,673,4,4520.16
2441,1703,961,3,1827.63
2442,1146,661,4,3097.15
2443,941,574,1,531.06
2444,926,262,3,779.43
2445,823,27,2,560.18
2446,514,465,1,3855.2
2447,136,415,4,1768.44
2448,378,699,1,1066.93
2449,1663,565,1,4664.02
2450,596,923,3,3583.03
2451,1034,288,1,1743.7
2452,631,852,1,4610.7
2453,1571,816,1,4247.64
2454,1048,674,3,2124.54
2455,1020,730,2,2849.25
2456,1408,90,1,3851.34
2457,806,895,1,2800.9
2458,317,400,3,2813.06
2459,1884,495,1,1857.32
2460,504,935,4,2133.74
2461,1052,171,3,4334.13
2462,287,353,3,4347.69
2463,609,616,4,4421.13
2464,971,176,4,1481.68
2465,168,909,4,1607.51
2466,1156,942,4,4329.97
2467,1541,825,1,909.6
2468,1326,89,1,1392.8
2469,1531,200,4,4126.86
2470,581,591,1,1644.69
2471,1753,308,2,4139.54
2472,830,240,2,2457.22
2473,707,407,3,913.36
2474,1,294,3,3752.24
2475,1081,145,4,1829.88
2476,829,732,3,3842.6
2477,1890,976,2,2356.1
2478,164,575,4,3192.95
2479,242,591,3,524.4
2480,1784,410,4,2129.33
2481,716,987,3,200.19
2482,1801,782,3,4478.3
2483,791,587,3,3990.84
2484,311,947,2,4546.63
2485,1379,248,2,2679.75
2486,1073,955,1,4590.55
2487,619,27,3,3359.63
2488,1704,881,1,3985.22
2489,1771,21,2,103.28
2490,786,280,2,3498.69
2491,1504,145,1,1747.63
2492,1700,488,4,196.78
2493,67,732,1,2319.45
2494,1730,294,3,4103.31
2495,96,487,4,4781.2
2496,139,913,3,2443.14
2497,1271,634,1,959.9
2498,775,776,4,1203.62
2499,361,242,4,3473.59
2500,1717,978,4,3658.98
2501,467,841,1,4997.43
2502,1412,733,3,4163.59
2503,1578,191,4,2567.28
2504,1915,911,1,3922.6
2505,1693,295,2,1360.84
2506,836,30,1,3128.95
2507,1901,772,2,715.47
2508,1713,91,1,2565.92
2509,1632,836,3,3173.54
2510,1512,159,4,1337.83
2511,278,439,1,4747.56
2512,348,725,2,3833.0
2513,1134,874,3,239.52
2514,586,640,1,741.77
2515,384,414,2,4574.64
2516,463,803,4,288.48
2517,1658,285,3,4772.86
2518,630,600,1,167.69
2519,1850,420,1,226.84
2520,777,958,2,3078.99
2521,352,557,1,2255.88
2522,1218,145,1,434.17
2523,346,934,3,493.0
2524,1583,860,4,2816.04
2525,579,553,1,4424.55
2526,647,628,3,2211.22
2527,1315,917,3,392.34
2528,1406,847,3,2776.35
2529,831,855,2,2785.42
2530,1502,317,3,1957.22
2531,1713,676,2,3983.18
2532,7,93,2,105.58
2533,531,725,2,2853.93
2534,1524,789,3,212.76
2535,1078,283,1,4532.22
2536,936,983,2,3600.99
2537,500,629,3,4337.33
2538,1714,687,2,4707.07
2539,600,677,4,3882.26
2540,1723,693,3,3719.6
2541,1912,583,4,984.66
2542,117,774,3,966.79
2543,1833,98,1,4871.81
2544,352,356,4,3293.14
2545,1913,995,1,2359.06
2546,111,594,3,3313.07
2547,654,799,3,2820.43
2548,1640,591,1,1775.84
2549,221,32,4,1497.15
2550,81,193,1,1825.71
2551,852,884,3,1431.17
2552,1594,963,3,1172.53
2553,449,2,1,434.95
2554,1889,488,1,709.16
2555,66,900,1,1659.35
2556,877,316,4,3621.77
2557,773,4,2,1512.44
2558,1590,758,2,3470.39
2559,1722,579,2,3758.27
2560,1598,260,3,3533.68
2561,945,202,1,3451.03
2562,1554,758,3,1493.67
2563,1163,826,1,515.36
2564,1163,244,1,1388.21
2565,1906,778,2,691.94
2566,713,127,1,1699.94
2567,94,983,1,567.14
2568,1650,910,2,4456.01
2569,1122,986,2,3646.99
2570,1377,830,4,3123.88
2571,1324,999,2,439.43
2572,817,525,4,779.49
2573,578,193,1,4945.01
2574,578,255,1,561.36
2575,312,737,1,2265.74
2576,299,98,3,2718.04
2577,1403,855,3,3798.37
2578,1126,512,4,2556.48
2579,1248,678,4,4920.32
2580,1098,727,2,4573.27
2581,242,792,4,1782.12
2582,119,763,3,1307.97
2583,868,5,1,4130.03
2584,779,257,1,2974.76
2585,863,770,1,4244.71
2586,1048,858,4,146.78
2587,1379,341,4,1244.31
2588,1290,531,3,1757.34
2589,814,973,2,3042.84
2590,1360,21,1,4681.55
2591,1154,241,3,4253.36
2592,540,40,1,3483.99
2593,1119,796,1,2921.48
2594,1015,997,1,3452.47
2595,1054,215,3,1998.32
2596,1501,438,1,1219.73
2597,1857,643,4,4446.7
2598,1030,629,2,2588.08
2599,1692,398,2,3240.9
2600,1228,272,1,1302.37
2601,1128,506,4,1822.02
2602,1070,986,1,1739.72
2603,473,282,2,2821.72
2604,1372,729,2,2404.12
2605,1002,369,4,2277.76
2606,129,992,4,4799.57
2607,1205,566,1,1866.04
2608,1009,372,4,2199.56
2609,848,521,4,1809.84
2610,400,792,3,2018.12
2611,701,111,4,4766.52
2612,89,430,3,2242.04
2613,417,11,4,2156.4
2614,1473,570,2,3858.43
2615,1342,980,1,3374.4
2616,187,773,3,1640.94
2617,1177,556,1,3652.5
2618,314,88,4,741.01
2619,951,657,1,1922.41
2620,1443,81,2,2177.92
2621,598,202,3,2619.15
2622,1557,421,1,2245.95
2623,903,822,1,2473.64
2624,1634,665,3,3428.51
2625,1872,116,3,1359.93
2626,170,825,2,4109.02
2627,1391,498,4,1716.85
2628,51,768,2,1506.95
2629,1136,461,1,4282.78
2630,26,419,1,581.38
2631,1607,203,3,1006.73
2632,275,663,1,2573.64
2633,147,625,2,1951.19
2634,203,910,4,176.82
2635,431,123,1,2331.1
2636,188,957,4,1297.62
2637,1503,424,2,4442.03
2638,1886,463,3,1616.78
2639,641,253,1,3672.06
2640,923,543,2,2862.13
2641,456,136,1,4698.31
2642,1595,622,1,3937.39
2643,233,74,4,2788.08
2644,1823,206,3,4800.94
2645,448,268,4,3228.21
2646,632,827,3,807.83
2647,1728,48,4,3819.37
2648,734,94,2,3373.76
2649,189,804,3,4044.97
2650,251,97,3,591.77
2651,1113,523,1,685.69
2652,1867,817,1,1970.57
2653,796,653,1,4332.44
2654,153,30,4,4089.05
2655,789,192,4,2043.52
2656,1199,522,2,1741.36
2657,1441,287,3,4151.46
2658,1548,725,3,3255.7
2659,1919,149,4,2159.12
2660,842,629,3,2030.23
2661,424,520,1,2922.8
2662,390,813,2,2078.9
2663,727,70,4,878.86
2664,496,936,3,2821.75
2665,1289,257,1,4077.5
2666,1674,525,2,2024.44
2667,875,403,1,3423.38
2668,1518,887,4,3936.59
2669,1479,967,4,4532.94
2670,522,769,2,4787.15
2671,246,844,4,2498.25
2672,808,222,1,3966.25
2673,258,647,4,1788.21
2674,828,739,2,2713.39
2675,1,918,3,1826.46
2676,1873,752,3,1401.39
2677,162,632,3,1126.71
2678,679,202,3,4631.52
2679,1539,443,3,2935.8
2680,646,60,1,727.58
2681,1150,35,1,1299.11
2682,1812,115,2,1678.51
2683,932,952,4,3301.51
2684,839,83,3,4055.13
2685,1500,241,4,669.31
2686,1637,123,1,1185.56
2687,1109,652,2,4424.28
2688,83,411,4,2174.46
2689,159,182,1,820.83
2690,1713,322,2,2858.35
2691,1871,413,3,502.48
2692,15,876,2,3103.62
2693,1445,424,2,858.43
2694,329,210,3,3427.12
2695,80,864,1,397.91
2696,523,160,4,3532.99
2697,1615,462,3,4902.39
2698,1073,69,4,4850.1
2699,297,11,4,2110.77
2700,997,176,4,3752.03
2701,1466,603,1,2041.33
2702,1599,265,2,4026.66
2703,1635,129,1,1929.71
2704,1436,549,3,4030.11
2705,1556,697,3,3045.61
2706,1617,521,2,641.52
2707,1583,249,1,1399.31
2708,1202,828,4,3955.69
2709,934,993,1,4974.46
2710,20,815,1,3516.93
2711,1552,130,2,3315.69
2712,181,740,2,932.35
2713,1104,124,1,1345.99
2714,1740,846,4,546.4
2715,275,999,3,693.66
2716,1753,677,2,1038.54
2717,1259,83,2,2519.73
2718,1088,302,4,1460.37
2719,1944,907,3,570.03
2720,1415,668,3,1698.79
2721,50,665,2,3193.7
2722,879,232,3,2049.52
2723,1762,643,3,2807.39
2724,868,100,3,1732.35
2725,1757,574,3,1614.8
2726,1257,908,1,4384.42
2727,188,455,1,2030.97
2728,28,212,4,1053.23
2729,1469,634,1,4951.37
2730,176,622,1,3773.66
2731,1047,892,2,3950.83
2732,1412,144,2,2185.45
2733,688,476,2,3740.97
2734,1949,27,1,386.92
2735,583,488,3,1009.26
2736,1750,110,2,1068.85
2737,869,646,2,1603.23
2738,495,950,4,3176.65
2739,62,67,1,2440.02
2740,1421,260,2,698.93
2741,563,549,2,1783.42
2742,1119,701,1,4118.83
2743,1102,608,4,2036.86
2744,1723,621,4,1899.22
2745,312,297,4,1416.19
2746,1758,870,3,3373.97
2747,368,991,4,1190.52
2748,375,548,1,560.03
2749,928,174,3,4308.24
2750,1045,859,3,4305.9
2751,1507,281,4,1391.84
2752,44,401,3,2254.83
2753,1252,218,4,4610.47
2754,482,107,1,3390.9
2755,1747,809,1,3027.09
2756,1205,142,3,4241.1
2757,748,168,2,3648.77
2758,350,88,2,3942.26
2759,1061,759,4,2830.46
2760,19,995,4,4964.79
2761,1755,859,3,4364.88
2762,1297,127,3,4305.57
2763,1317,724,1,4242.03
2764,1655,133,1,1095.42
2765,1500,648,2,140.12
2766,1693,36,3,4385.41
2767,647,809,3,2918.79
2768,1472,682,2,353.03
2769,612,802,1,2366.18
2770,1562,826,4,760.28
2771,102,113,4,4716.49
2772,1548,188,1,1240.68
2773,106,406,3,2143.23
2774,1385,947,3,1079.11
2775,661,498,1,825.98
2776,1308,938,3,4211.61
2777,1263,832,1,770.03
2778,18,285,3,4869.07
2779,884,688,1,785.56
2780,768,879,4,2112.06
2781,1624,703,3,3714.24
2782,1869,445,1,3379.27
2783,459,752,4,2716.01
2784,951,702,1,414.28
2785,862,929,2,2708.49
2786,1532,45,1,3034.32
2787,1165,637,3,4386.28
2788,137,244,2,921.07
2789,1175,313,1,2407.04
2790,46,205,2,3785.17
2791,1842,348,4,1818.92
2792,401,114,2,1082.06
2793,1234,158,2,473.32
2794,1360,125,3,1561.08
2795,512,988,3,2405.53
2796,574,988,2,631.83
2797,251,75,1,4216.31
2798,38,826,1,2311.78
2799,765,903,2,4533.27
2800,1143,685,2,2635.96
2801,340,459,1,1201.49
2802,676,189,4,2571.21
2803,451,608,2,4201.62
2804,1456,320,2,2290.96
2805,43,227,2,2009.43
2806,1704,848,3,3102.98
2807,1820,614,4,1878.24
2808,917,44,4,1161.09
2809,1718,561,4,926.45
2810,824,170,3,4748.26
2811,202,323,3,2575.98
2812,804,741,1,309.46
2813,1626,236,1,2317.15
2814,1472,178,1,1783.65
2815,1899,253,3,2046.99
2816,1677,971,4,3220.33
2817,473,134,2,4095.7
2818,1596,821,3,2918.66
2819,1492,583,4,2383.82
2820,1026,862,1,2860.09
2821,199,490,4,4268.14
2822,1138,584,1,4633.89
2823,543,180,4,3402.07
2824,1285,311,2,2297.31
2825,1396,482,4,2259.65
2826,865,16,1,412.46
2827,314,504,1,3350.26
2828,44,253,1,245.59
2829,749,177,2,2196.05
2830,1825,763,1,4037.05
2831,1661,528,1,3351.98
2832,653,805,4,2791.95
2833,1675,515,4,2158.49
2834,1250,354,3,349.55
2835,1618,824,1,4515.01
2836,1624,562,2,3608.42
2837,406,750,2,3393.95
2838,1577,406,4,162.57
2839,1819,131,1,4975.33
2840,1174,819,4,255.99
2841,506,189,3,2008.4
2842,1445,88,2,1819.28
2843,1973,881,4,1928.25
2844,899,854,4,4654.67
2845,624,798,1,493.13
2846,111,130,1,4007.8
2847,1688,986,2,2559.27
2848,1106,425,1,3650.81
2849,1973,825,1,4657.18
2850,818,163,4,4594.91
2851,709,810,4,3780.37
2852,1519,841,1,4751.32
2853,1970,87,2,1665.78
2854,749,641,3,3483.68
2855,1175,887,4,814.4
2856,362,882,2,1331.81
2857,1970,664,2,2643.66
2858,1650,388,4,234.84
2859,984,575,1,4994.31
2860,205,441,3,2544.54
2861,464,341,1,4334.29
2862,356,367,2,1139.8
2863,1760,170,4,3552.12
2864,1872,628,1,3060.19
2865,476,646,3,1247.81
2866,205,533,4,2627.42
2867,353,627,1,2134.26
2868,580,531,2,4004.54
2869,1207,317,2,4299.1
2870,1595,255,3,207.11
2871,452,734,3,1291.39
2872,644,721,4,2168.5
2873,32,354,1,3761.01
2874,1581,335,2,4321.48
2875,311,509,3,3094.93
2876,1459,180,2,1160.92
2877,16,923,2,3739.77
2878,470,171,1,2012.6
2879,1987,41,1,3733.73
2880,1357,813,1,2206.1
2881,60,242,4,2455.18
2882,721,566,2,4964.59
2883,1001,635,4,3214.37
2884,709,267,2,4041.76
2885,634,253,4,4153.04
2886,1135,906,2,1479.13
2887,303,339,1,2917.05
2888,1277,501,1,2733.35
2889,263,77,2,2787.17
2890,1596,505,3,816.85
2891,230,16,2,3850.27
2892,454,625,2,1707.24
2893,128,787,1,4783.72
2894,427,963,4,1019.18
2895,1375,389,2,785.33
2896,1234,918,3,4540.61
2897,1361,206,4,195.31
2898,1192,40,3,2933.67
2899,178,722,4,4209.11
2900,629,739,4,2403.98
2901,183,701,4,2033.28
2902,1607,478,2,4513.21
2903,590,31,4,4521.19
2904,134,471,1,4049.07
2905,804,258,2,1976.27
2906,1886,771,1,3206.73
2907,1190,381,4,3080.68
2908,543,859,1,2476.22
2909,125,131,1,4179.7
2910,292,5,3,4172.34
2911,194,23,4,1250.88
2912,1984,594,3,2324.74
2913,401,368,4,2012.96
2914,1656,403,2,447.58
2915,772,940,4,1897.52
2916,820,486,2,2787.37
2917,1443,690,2,1580.41
2918,1342,514,4,2172.06
2919,667,188,1,3457.95
2920,116,291,4,528.28
2921,947,302,4,1298.76
2922,1192,92,1,825.18
2923,605,243,2,3198.03
2924,909,936,2,2402.86
2925,1049,683,1,2135.67
2926,1875,845,1,2385.27
2927,1622,501,3,3244.2
2928,1200,119,2,4572.89
2929,1599,250,3,3017.77
2930,939,684,4,2243.13
2931,631,309,3,4637.16
2932,1792,339,4,2967.09
2933,1897,576,4,4136.87
2934,389,116,2,952.14
2935,1373,984,2,3682.08
2936,1828,404,1,500.2
2937,1275,381,1,2895.74
2938,1430,506,3,1801.76
2939,1528,571,1,2833.66
2940,942,591,2,3687.46
2941,1864,22,3,136.66
2942,1583,178,1,4199.6
2943,1373,28,4,704.39
2944,919,56,1,1249.74
2945,800,802,2,3361.79
2946,79,755,4,4386.63
2947,1669,151,1,2157.62
2948,689,542,4,1294.75
2949,494,709,3,4495.11
2950,66,262,1,1077.15
2951,1309,808,1,1215.27
2952,922,368,4,852.65
2953,91,671,1,3191.46
2954,1416,66,4,965.75
2955,448,705,3,1027.55
2956,1468,481,3,2644.44
2957,329,411,2,3174.15
2958,1567,978,1,2619.92
2959,1833,930,1,3515.63
2960,1776,846,3,3990.13
2961,1733,782,4,531.7
2962,66,348,3,3133.19
2963,172,334,1,1999.91
2964,563,487,4,2616.58
2965,1490,505,4,4207.29
2966,1332,167,4,3646.48
2967,13,953,4,3602.95
2968,1842,269,3,1597.99
2969,570,94,2,4096.25
2970,1987,391,4,1094.16
2971,856,904,2,4178.43
2972,526,266,1,868.96
2973,109,320,4,385.25
2974,1217,901,3,3723.48
2975,992,345,2,1220.83
2976,1596,366,1,450.98
2977,391,978,3,2871.44
2978,299,310,3,4932.27
2979,69,612,4,2825.09
2980,436,630,2,3429.62
2981,1539,635,1,2733.34
2982,833,824,2,799.9
2983,863,26,4,524.87
2984,1807,850,4,1430.23
2985,1704,396,3,2773.95
2986,726,834,4,895.7
2987,816,523,2,1628.91
2988,396,168,3,2844.42
2989,1354,604,3,2217.86
2990,809,372,2,4161.45
2991,1056,683,4,1971.43
2992,447,861,1,2691.96
2993,350,649,1,1910.63
2994,1359,43,1,4729.29
2995,1103,3,3,2447.64
2996,481,446,1,2586.9
2997,851,574,3,1700.52
2998,1262,719,3,1395.83
2999,175,420,3,220.57
3000,257,289,1,4273.03
