order_id,customer_id,order_date,store_id,order_status
1,972,2016-09-21,30,Cancelled
2,315,2018-02-17,63,Delivered
3,26,2012-12-14,3,Delivered
4,224,1987-01-02,66,Shipped
5,140,1976-09-02,15,Shipped
6,741,1992-12-20,65,Cancelled
7,377,2014-07-21,75,Delivered
8,435,2019-10-06,91,Shipped
9,448,1973-08-31,38,Shipped
10,849,1971-10-10,40,Delivered
11,285,1999-02-09,84,Shipped
12,931,2025-05-10,93,Cancelled
13,724,1997-11-29,35,Shipped
14,849,2014-02-18,62,Delivered
15,564,2019-01-21,55,Shipped
16,601,1975-09-06,52,Cancelled
17,72,2014-07-20,17,Cancelled
18,935,1997-11-25,87,Delivered
19,385,2006-09-23,38,Shipped
20,134,1998-11-22,53,Delivered
21,572,1978-12-03,76,Shipped
22,342,2017-02-27,50,Delivered
23,226,1980-05-25,98,Shipped
24,368,1999-06-14,44,Shipped
25,65,1980-12-13,64,Cancelled
26,340,2019-11-27,43,Cancelled
27,508,1974-05-05,68,Delivered
28,772,2015-08-21,92,Cancelled
29,245,1995-03-23,89,Delivered
30,500,2005-05-03,82,Cancelled
31,287,1972-06-30,36,Delivered
32,282,2002-02-24,71,Shipped
33,526,1995-10-10,96,Delivered
34,232,1973-10-13,44,Delivered
35,359,2014-12-23,60,Shipped
36,864,2024-06-08,38,Delivered
37,789,1977-09-07,37,Delivered
38,267,1991-08-27,50,Cancelled
39,690,1980-10-14,95,Cancelled
40,487,1999-02-12,86,Cancelled
41,982,1983-05-27,52,Delivered
42,916,2002-06-02,59,Delivered
43,226,1977-12-12,11,Cancelled
44,995,1994-09-15,52,Cancelled
45,273,2017-02-23,17,Delivered
46,730,1993-03-15,68,Shipped
47,408,2000-02-10,69,Shipped
48,860,2005-11-22,53,Shipped
49,279,1982-01-19,95,Delivered
50,12,2021-06-11,62,Delivered
51,278,1987-04-30,4,Cancelled
52,96,2007-11-24,31,Shipped
53,463,1976-01-04,26,Cancelled
54,414,1992-08-29,56,Cancelled
55,126,2015-02-27,77,Shipped
56,301,2023-01-30,70,Shipped
57,698,2003-04-13,98,Cancelled
58,168,1972-10-30,80,Delivered
59,400,2003-11-11,51,Delivered
60,85,1986-05-25,88,Cancelled
61,217,2023-08-05,82,Shipped
62,954,1998-06-15,52,Cancelled
63,438,2018-03-01,59,Delivered
64,854,2021-08-07,28,Delivered
65,757,2012-07-31,87,Shipped
66,450,2015-03-17,73,Cancelled
67,334,1970-07-06,92,Delivered
68,599,1981-12-19,38,Shipped
69,443,1982-02-27,2,Cancelled
70,179,1981-02-28,74,Delivered
71,810,2015-04-24,91,Cancelled
72,468,1987-12-20,10,Shipped
73,445,1997-07-23,23,Cancelled
74,919,1999-06-20,84,Delivered
75,46,2006-02-27,84,Cancelled
76,429,2023-08-01,33,Delivered
77,25,1974-02-15,4,Shipped
78,109,2011-03-20,33,Shipped
79,999,1975-08-08,29,Delivered
80,242,2010-07-07,64,Delivered
81,509,2024-12-08,18,Cancelled
82,117,1994-07-07,46,Delivered
83,443,2007-11-10,74,Shipped
84,707,1982-03-17,66,Delivered
85,953,1977-04-14,22,Cancelled
86,795,1978-02-09,69,Shipped
87,960,2010-05-19,73,Delivered
88,375,2021-02-07,94,Cancelled
89,313,2015-11-18,59,Shipped
90,791,1975-06-28,62,Shipped
91,903,1981-01-27,13,Delivered
92,849,1984-01-14,72,Delivered
93,105,1970-03-19,2,Cancelled
94,601,1992-05-14,77,Shipped
95,276,2016-04-09,5,Delivered
96,496,2019-06-11,57,Delivered
97,643,2023-03-03,94,Shipped
98,993,2009-03-08,12,Cancelled
99,750,1980-03-15,63,Cancelled
100,843,1979-05-26,12,Shipped
101,236,1974-10-15,10,Cancelled
102,133,1993-10-14,24,Shipped
103,140,2025-04-30,18,Delivered
104,545,2001-08-29,25,Shipped
105,993,2006-05-01,85,Cancelled
106,716,1987-02-09,5,Shipped
107,639,2019-03-26,26,Cancelled
108,349,2018-04-13,18,Cancelled
109,94,1992-12-17,14,Delivered
110,380,1992-10-12,68,Shipped
111,206,2000-07-04,17,Cancelled
112,933,1998-07-02,7,Delivered
113,433,1997-05-20,65,Cancelled
114,262,2004-04-11,94,Cancelled
115,458,2025-10-08,39,Delivered
116,578,2025-12-10,56,Cancelled
117,399,1979-07-02,16,Delivered
118,145,1972-12-31,58,Cancelled
119,480,1982-12-02,13,Shipped
120,930,2022-09-28,6,Cancelled
121,628,2006-05-20,19,Cancelled
122,988,1970-08-30,23,Shipped
123,2,2010-05-07,17,Cancelled
124,77,1998-06-03,89,Delivered
125,418,2020-12-02,73,Cancelled
126,394,1976-04-14,43,Delivered
127,959,1989-03-05,7,Shipped
128,832,1975-10-29,71,Cancelled
129,142,1973-07-22,52,Delivered
130,771,1989-01-02,13,Cancelled
131,934,1989-05-02,13,Cancelled
132,601,1978-07-16,35,Delivered
133,271,1987-07-08,58,Cancelled
134,641,2002-08-01,23,Cancelled
135,594,1970-12-03,21,Shipped
136,721,2018-12-21,40,Shipped
137,703,1998-07-05,27,Cancelled
138,321,1985-03-18,4,Cancelled
139,543,1971-05-24,22,Delivered
140,519,1990-10-16,41,Shipped
141,66,1979-04-02,13,Delivered
142,459,2012-04-14,78,Shipped
143,869,1989-10-28,8,Shipped
144,207,1976-03-22,47,Delivered
145,334,2018-10-16,94,Shipped
146,930,2025-11-06,83,Cancelled
147,645,2002-11-01,74,Shipped
148,245,2017-02-27,94,Shipped
149,446,1980-04-14,42,Shipped
150,663,1977-07-30,4,Delivered
151,50,1982-09-08,80,Delivered
152,345,2003-01-10,27,Cancelled
153,93,2012-01-19,2,Delivered
154,86,1994-06-26,74,Shipped
155,196,1988-10-11,37,Delivered
156,486,1987-05-23,39,Delivered
157,807,2021-08-26,93,Delivered
158,624,1978-06-30,65,Delivered
159,884,2001-07-08,9,Shipped
160,578,2024-12-12,30,Delivered
161,490,2015-11-05,1,Delivered
162,361,2014-11-22,12,Shipped
163,428,2002-05-20,37,Shipped
164,502,1980-05-31,73,Shipped
165,813,1972-10-15,60,Delivered
166,711,2025-04-24,64,Cancelled
167,661,1971-12-30,95,Cancelled
168,534,2013-05-20,54,Cancelled
169,873,2016-10-16,41,Cancelled
170,181,1970-09-06,44,Cancelled
171,207,2011-07-02,55,Delivered
172,470,1979-09-28,50,Shipped
173,486,1973-05-20,14,Delivered
174,12,2009-04-14,13,Shipped
175,942,1974-07-03,95,Shipped
176,609,1981-10-01,53,Delivered
177,863,1986-11-10,6,Cancelled
178,717,1979-07-18,33,Delivered
179,562,1983-09-23,57,Cancelled
180,563,1990-12-15,26,Cancelled
181,628,1986-12-06,19,Delivered
182,192,2020-10-03,2,Delivered
183,201,1999-04-22,40,Delivered
184,764,1989-12-01,47,Delivered
185,799,2011-07-04,52,Cancelled
186,59,2006-11-28,28,Shipped
187,367,2017-03-29,53,Shipped
188,894,1992-06-15,54,Shipped
189,578,1976-12-30,71,Shipped
190,562,2000-07-21,8,Shipped
191,341,1995-01-21,4,Delivered
192,587,2013-12-28,7,Cancelled
193,612,1970-05-17,22,Delivered
194,529,2009-12-05,10,Shipped
195,770,1972-07-21,7,Shipped
196,845,1976-06-07,67,Delivered
197,647,1992-04-19,59,Delivered
198,69,1984-08-28,15,Cancelled
199,475,2023-06-04,50,Delivered
200,241,1974-10-07,27,Delivered
201,513,1988-02-08,55,Delivered
202,919,1975-08-15,71,Cancelled
203,515,1989-06-09,56,Delivered
204,880,2005-01-22,52,Shipped
205,727,1986-10-08,80,Shipped
206,661,1975-05-29,59,Delivered
207,131,1995-10-05,86,Shipped
208,171,2016-10-25,29,Delivered
209,127,1983-06-26,49,Shipped
210,800,1972-08-12,64,Cancelled
211,828,1983-10-19,27,Cancelled
212,934,1991-05-08,65,Shipped
213,468,1985-12-05,10,Cancelled
214,343,1993-10-18,85,Shipped
215,538,2025-03-29,62,Shipped
216,146,1975-01-29,52,Shipped
217,380,2004-06-27,70,Shipped
218,541,1975-12-20,64,Cancelled
219,602,2024-01-02,35,Shipped
220,381,1980-12-30,70,Delivered
221,40,2002-07-04,57,Cancelled
222,513,1989-05-07,76,Shipped
223,596,1990-06-17,5,Cancelled
224,671,1998-06-07,24,Shipped
225,918,1979-08-11,11,Shipped
226,730,1970-03-15,81,Shipped
227,202,1989-07-06,95,Delivered
228,560,1998-06-30,3,Cancelled
229,752,2022-06-02,5,Shipped
230,133,2017-05-01,81,Shipped
231,235,1992-08-13,60,Delivered
232,942,2015-12-28,84,Shipped
233,888,2014-05-27,94,Shipped
234,771,1977-12-05,47,Shipped
235,548,2015-08-04,67,Delivered
236,947,1993-09-19,24,Delivered
237,807,1984-06-02,34,Shipped
238,167,1989-12-31,88,Shipped
239,879,2008-08-23,28,Cancelled
240,569,2024-08-08,55,Delivered
241,488,1982-12-02,16,Cancelled
242,173,2004-06-04,81,Cancelled
243,330,2008-11-16,24,Cancelled
244,401,1996-06-19,9,Cancelled
245,137,1979-11-21,94,Cancelled
246,294,1991-11-21,26,Delivered
247,285,1978-01-25,91,Shipped
248,101,2005-12-17,6,Delivered
249,605,2019-01-11,76,Shipped
250,145,1982-06-09,69,Delivered
251,441,1993-01-17,79,Delivered
252,596,2023-03-31,28,Cancelled
253,498,2013-04-17,59,Cancelled
254,788,2019-04-02,28,Delivered
255,270,1988-07-30,3,Delivered
256,614,1974-09-19,2,Delivered
257,874,2021-01-02,91,Shipped
258,270,2017-09-28,93,Delivered
259,244,1980-03-13,14,Cancelled
260,352,1982-06-11,96,Delivered
261,193,1973-01-26,39,Delivered
262,986,2021-06-08,75,Cancelled
263,688,2009-12-10,19,Cancelled
264,108,1971-10-27,79,Delivered
265,518,2014-09-26,97,Cancelled
266,386,1992-12-31,28,Delivered
267,660,1978-08-13,75,Cancelled
268,504,1983-03-31,54,Shipped
269,578,1978-12-24,46,Delivered
270,10,1974-06-19,5,Delivered
271,551,2007-12-20,51,Cancelled
272,637,2010-05-23,39,Shipped
273,159,2022-12-25,98,Shipped
274,150,1980-07-28,86,Cancelled
275,620,2010-06-05,85,Shipped
276,626,1978-09-28,9,Delivered
277,745,1976-03-19,9,Cancelled
278,943,2014-04-08,10,Delivered
279,511,2023-04-30,72,Delivered
280,693,1982-08-03,8,Shipped
281,560,1982-08-08,53,Cancelled
282,565,2023-11-21,84,Delivered
283,517,2006-03-29,30,Cancelled
284,399,1970-02-25,98,Cancelled
285,403,2021-12-19,56,Shipped
286,18,1973-10-03,56,Delivered
287,947,1981-08-26,3,Delivered
288,470,1990-10-11,76,Shipped
289,458,2017-11-27,86,Shipped
290,712,1994-08-26,67,Delivered
291,661,2024-05-14,83,Delivered
292,830,2003-02-13,53,Cancelled
293,92,1981-02-09,41,Shipped
294,815,1990-06-10,3,Cancelled
295,12,2001-09-07,94,Delivered
296,105,1986-08-03,12,Cancelled
297,284,2006-02-17,31,Cancelled
298,824,2020-09-24,14,Cancelled
299,603,2025-03-16,29,Shipped
300,86,2012-05-01,63,Cancelled
301,794,2014-11-03,67,Delivered
302,641,2016-03-18,43,Delivered
303,358,1970-03-14,69,Shipped
304,206,2009-04-09,42,Delivered
305,142,1977-12-16,52,Shipped
306,385,2020-09-23,24,Cancelled
307,338,1995-10-04,55,Cancelled
308,538,2019-09-23,74,Cancelled
309,814,2013-07-24,67,Delivered
310,176,2000-07-13,23,Shipped
311,928,1980-06-08,81,Cancelled
312,666,2013-11-08,96,Delivered
313,518,2017-06-23,10,Delivered
314,402,1970-01-23,67,Delivered
315,732,1999-10-23,22,Shipped
316,731,2010-07-19,79,Cancelled
317,257,1999-09-21,24,Delivered
318,329,2002-12-10,22,Shipped
319,836,2006-11-29,26,Cancelled
320,564,1980-08-09,92,Shipped
321,86,2019-10-15,48,Cancelled
322,951,1971-02-06,4,Shipped
323,843,2017-10-16,50,Shipped
324,465,1975-07-11,65,Cancelled
325,225,1975-09-04,63,Shipped
326,652,1980-12-15,53,Cancelled
327,399,1976-08-28,77,Delivered
328,170,1998-03-01,62,Delivered
329,344,2001-11-11,59,Shipped
330,594,1988-03-01,85,Cancelled
331,271,1995-07-18,88,Delivered
332,316,1990-03-19,79,Delivered
333,280,2010-07-20,42,Shipped
334,76,1992-03-29,29,Cancelled
335,302,1994-07-28,95,Shipped
336,188,1984-09-25,86,Delivered
337,346,2022-12-21,83,Cancelled
338,94,2005-03-19,22,Shipped
339,631,1974-05-09,41,Cancelled
340,989,1975-11-21,22,Cancelled
341,369,1996-10-06,59,Shipped
342,663,1990-04-28,63,Shipped
343,702,1991-05-16,79,Cancelled
344,363,1987-01-09,91,Delivered
345,203,1991-10-31,81,Shipped
346,491,2013-07-28,35,Shipped
347,782,1970-05-18,89,Delivered
348,171,1993-02-04,40,Delivered
349,243,1992-06-19,18,Shipped
350,990,1989-04-28,48,Cancelled
351,748,1986-10-12,73,Cancelled
352,272,2003-05-25,49,Delivered
353,214,1996-01-17,22,Shipped
354,675,1996-06-09,2,Delivered
355,63,2019-12-31,91,Delivered
356,195,1995-01-12,11,Delivered
357,410,2024-07-03,51,Cancelled
358,544,1971-07-15,52,Cancelled
359,246,1989-01-08,9,Shipped
360,615,2002-03-29,23,Cancelled
361,997,2006-01-12,75,Cancelled
362,50,2026-03-13,75,Delivered
363,900,1971-04-07,38,Shipped
364,511,2013-07-13,23,Cancelled
365,97,1987-08-01,73,Cancelled
366,880,2024-02-13,43,Shipped
367,60,1997-07-12,21,Delivered
368,854,2015-01-31,88,Shipped
369,419,1974-09-28,62,Delivered
370,696,2009-02-14,26,Cancelled
371,113,2013-10-14,27,Cancelled
372,832,1991-07-24,61,Delivered
373,12,2020-01-25,32,Delivered
374,505,1987-11-04,46,Delivered
375,460,2007-11-13,94,Cancelled
376,830,2021-03-01,78,Delivered
377,69,2001-03-11,49,Shipped
378,756,2001-07-19,53,Shipped
379,929,1983-12-19,56,Delivered
380,644,2026-01-24,5,Shipped
381,807,2022-10-31,54,Cancelled
382,862,1973-05-21,56,Shipped
383,626,1996-01-19,75,Cancelled
384,186,1999-11-04,64,Delivered
385,198,1996-01-31,4,Delivered
386,572,1971-12-04,29,Delivered
387,34,1989-03-10,3,Delivered
388,115,1996-11-15,16,Cancelled
389,10,2007-03-14,6,Shipped
390,99,2001-07-16,57,Delivered
391,28,2007-09-20,47,Shipped
392,83,1974-12-25,96,Shipped
393,985,1997-05-10,47,Shipped
394,375,1990-03-15,78,Delivered
395,694,1993-04-09,86,Shipped
396,803,2000-09-02,96,Shipped
397,119,1979-07-17,86,Cancelled
398,380,1977-10-19,86,Shipped
399,286,2022-05-30,47,Cancelled
400,622,1981-10-24,8,Shipped
401,433,1975-12-01,62,Shipped
402,428,1996-09-29,99,Delivered
403,479,1982-08-17,18,Cancelled
404,938,1989-07-19,49,Cancelled
405,20,2005-12-09,58,Delivered
406,312,1987-12-13,42,Cancelled
407,424,2002-06-04,89,Delivered
408,259,1987-07-12,58,Delivered
409,982,2004-06-25,59,Shipped
410,571,2016-05-09,11,Delivered
411,987,2004-04-14,37,Delivered
412,727,1986-04-08,88,Cancelled
413,34,2003-01-07,17,Shipped
414,608,2018-06-08,67,Shipped
415,602,2009-01-10,18,Shipped
416,970,2009-10-10,92,Shipped
417,319,1986-05-10,89,Shipped
418,118,2003-06-27,48,Cancelled
419,624,2003-02-20,39,Shipped
420,205,2006-08-20,91,Cancelled
421,826,1996-03-09,19,Delivered
422,872,1979-02-05,26,Shipped
423,275,2022-12-11,26,Cancelled
424,158,2017-05-15,26,Cancelled
425,982,1976-01-25,89,Cancelled
426,800,1998-11-07,86,Cancelled
427,498,1992-02-02,76,Shipped
428,57,1981-06-27,29,Cancelled
429,440,1981-10-06,37,Delivered
430,479,1996-01-30,61,Shipped
431,813,1972-10-25,7,Delivered
432,683,1997-02-14,98,Cancelled
433,940,1973-10-09,54,Shipped
434,112,2005-06-10,32,Cancelled
435,661,2011-07-30,77,Shipped
436,818,2005-03-29,41,Shipped
437,668,1995-10-08,9,Shipped
438,314,2001-01-18,56,Delivered
439,979,2002-03-03,48,Cancelled
440,128,2009-06-10,61,Cancelled
441,300,2015-09-01,97,Shipped
442,431,2022-09-07,17,Shipped
443,429,2005-05-02,20,Shipped
444,608,2006-09-20,30,Cancelled
445,822,1972-01-16,52,Shipped
446,821,1973-10-29,2,Cancelled
447,902,1978-08-23,12,Shipped
448,300,2021-05-05,53,Delivered
449,47,2012-05-02,82,Delivered
450,834,2014-11-18,13,Shipped
451,724,1993-05-27,21,Shipped
452,478,2000-08-05,36,Cancelled
453,502,1988-05-14,66,Delivered
454,458,2023-01-23,22,Delivered
455,169,1973-10-10,87,Delivered
456,64,1997-12-25,39,Delivered
457,333,2011-04-24,39,Shipped
458,298,2025-11-13,29,Cancelled
459,141,2005-04-01,90,Delivered
460,454,2026-03-12,16,Delivered
461,454,2007-10-05,52,Shipped
462,598,1986-07-15,83,Shipped
463,971,1982-08-28,6,Delivered
464,926,1988-02-15,95,Delivered
465,113,1987-12-12,89,Delivered
466,959,2016-06-10,91,Delivered
467,372,1993-01-19,63,Cancelled
468,471,2007-08-13,99,Shipped
469,898,1980-06-16,53,Delivered
470,131,1983-09-16,63,Shipped
471,937,1988-12-13,39,Shipped
472,934,2018-09-15,86,Cancelled
473,984,1988-12-21,56,Shipped
474,817,2000-04-07,77,Shipped
475,643,1998-03-19,14,Delivered
476,797,2022-06-20,16,Delivered
477,788,1993-10-24,37,Shipped
478,219,1974-03-12,91,Delivered
479,31,1979-03-20,22,Delivered
480,966,1983-10-08,91,Cancelled
481,982,2014-05-27,29,Cancelled
482,931,1982-11-21,84,Shipped
483,204,2003-11-04,30,Shipped
484,207,2003-02-07,7,Cancelled
485,662,1978-02-11,60,Shipped
486,691,2019-05-19,36,Cancelled
487,392,1984-08-28,19,Shipped
488,279,2023-05-15,32,Shipped
489,786,2013-06-15,7,Shipped
490,245,1989-04-07,25,Delivered
491,174,2000-09-13,8,Cancelled
492,746,1975-10-01,55,Shipped
493,630,2002-05-29,43,Shipped
494,692,1977-03-06,86,Shipped
495,163,1975-09-29,55,Cancelled
496,847,1994-12-30,74,Cancelled
497,463,2006-07-28,87,Shipped
498,660,2021-07-23,38,Delivered
499,11,1978-03-12,1,Shipped
500,35,1977-07-20,19,Cancelled
501,268,2004-08-04,91,Delivered
502,96,1985-08-08,81,Shipped
503,230,2025-07-02,10,Cancelled
504,728,2002-04-15,76,Cancelled
505,349,1973-05-03,35,Cancelled
506,673,1974-05-19,51,Cancelled
507,63,2021-08-21,19,Cancelled
508,898,1977-05-16,41,Cancelled
509,329,2004-10-07,47,Delivered
510,110,2010-12-12,85,Shipped
511,981,2014-04-25,25,Shipped
512,584,2000-05-30,23,Shipped
513,265,1998-05-22,7,Cancelled
514,464,1979-08-01,72,Shipped
515,87,1997-02-15,61,Delivered
516,662,1981-09-09,53,Shipped
517,122,1978-06-27,89,Shipped
518,626,1987-02-25,22,Delivered
519,952,2015-07-16,1,Shipped
520,198,1981-11-07,59,Cancelled
521,772,1999-08-16,69,Cancelled
522,941,1986-10-01,49,Delivered
523,77,1977-05-22,16,Delivered
524,983,2011-04-08,16,Cancelled
525,645,1973-12-11,99,Delivered
526,527,1996-06-28,64,Delivered
527,688,2004-03-18,37,Delivered
528,183,1973-04-17,73,Delivered
529,623,1981-07-06,98,Cancelled
530,236,2007-07-24,79,Shipped
531,893,1992-08-24,24,Delivered
532,960,1975-09-20,27,Shipped
533,158,2022-04-30,61,Delivered
534,684,2016-02-04,7,Cancelled
535,562,2023-03-03,33,Shipped
536,938,2025-05-18,84,Delivered
537,157,2015-11-25,48,Shipped
538,57,1988-09-17,75,Cancelled
539,605,2018-08-05,40,Cancelled
540,833,2014-01-11,46,Cancelled
541,70,1995-10-20,13,Delivered
542,249,1998-06-04,85,Delivered
543,883,2012-06-26,98,Shipped
544,294,1970-12-26,77,Cancelled
545,21,1971-04-18,84,Delivered
546,187,1973-10-01,25,Cancelled
547,861,2006-04-05,86,Delivered
548,703,1987-10-28,96,Shipped
549,835,1985-10-11,29,Delivered
550,657,2024-03-09,52,Shipped
551,298,1980-07-24,38,Shipped
552,396,1974-06-17,99,Shipped
553,552,1985-10-03,2,Cancelled
554,718,2009-10-12,62,Delivered
555,133,1999-06-13,20,Delivered
556,456,2002-02-07,25,Delivered
557,808,2014-07-31,93,Shipped
558,800,1976-06-01,90,Cancelled
559,779,2021-08-24,90,Delivered
560,600,1975-11-26,41,Delivered
561,591,2004-09-04,20,Cancelled
562,998,1999-06-30,25,Shipped
563,940,2022-09-25,32,Shipped
564,728,2026-01-03,83,Shipped
565,760,2009-07-01,59,Shipped
566,495,2024-02-11,34,Cancelled
567,402,2025-09-25,93,Delivered
568,802,2010-10-05,45,Cancelled
569,893,1999-11-18,46,Shipped
570,832,1981-06-12,18,Delivered
571,351,1995-09-13,96,Shipped
572,220,2000-12-07,81,Cancelled
573,598,2001-08-31,15,Delivered
574,53,1975-06-14,71,Shipped
575,20,1988-07-02,22,Shipped
576,439,1981-05-13,90,Cancelled
577,260,2004-06-16,61,Delivered
578,93,1995-01-02,15,Shipped
579,648,1983-09-14,48,Cancelled
580,956,2002-03-08,75,Shipped
581,285,1984-06-22,92,Shipped
582,53,1976-03-09,43,Cancelled
583,686,2016-12-12,67,Shipped
584,650,2025-06-17,60,Delivered
585,528,2019-10-23,3,Shipped
586,273,1981-12-03,40,Cancelled
587,938,2017-08-25,15,Cancelled
588,960,1974-05-02,4,Cancelled
589,397,2007-03-30,98,Cancelled
590,808,2002-04-04,63,Shipped
591,54,1992-02-18,77,Delivered
592,612,1980-09-14,5,Shipped
593,191,2002-08-13,15,Shipped
594,297,1991-04-01,70,Shipped
595,317,1994-09-07,93,Delivered
596,92,2016-03-13,78,Shipped
597,613,2010-02-06,22,Shipped
598,22,1972-04-21,53,Shipped
599,976,2022-11-18,92,Shipped
600,507,2003-07-01,99,Cancelled
601,234,1970-12-24,52,Cancelled
602,557,1988-07-20,33,Cancelled
603,805,1997-05-05,58,Shipped
604,675,2007-02-20,9,Delivered
605,548,1971-10-13,12,Cancelled
606,524,2005-06-10,33,Shipped
607,979,1998-11-28,10,Shipped
608,461,1991-03-05,31,Delivered
609,230,1982-05-22,87,Cancelled
610,100,1974-07-20,52,Cancelled
611,508,1975-08-10,22,Delivered
612,988,2010-03-25,12,Cancelled
613,94,1996-02-24,90,Shipped
614,921,1971-03-20,59,Delivered
615,627,2012-09-08,92,Delivered
616,245,2019-10-21,43,Shipped
617,995,1994-05-06,14,Delivered
618,585,2002-07-16,79,Delivered
619,936,1991-12-06,2,Delivered
620,721,1981-10-15,52,Cancelled
621,214,2020-08-26,72,Cancelled
622,337,1983-01-10,89,Cancelled
623,201,2012-12-20,77,Delivered
624,962,2014-04-07,10,Cancelled
625,337,2019-07-30,74,Delivered
626,288,1986-10-15,76,Shipped
627,179,2009-01-22,90,Delivered
628,443,1977-10-16,20,Shipped
629,676,2014-11-22,42,Cancelled
630,86,1992-04-18,7,Shipped
631,154,1985-03-14,64,Delivered
632,123,1989-08-01,19,Shipped
633,899,2014-07-18,17,Delivered
634,668,2005-01-31,76,Shipped
635,699,2013-05-02,7,Delivered
636,781,1994-06-25,97,Delivered
637,974,2013-04-05,15,Delivered
638,56,1992-03-01,48,Delivered
639,922,1990-06-29,70,Shipped
640,688,1980-12-21,96,Shipped
641,740,1977-06-06,78,Cancelled
642,951,1987-11-15,65,Shipped
643,165,2001-02-03,43,Cancelled
644,575,1978-09-09,28,Cancelled
645,357,2009-09-21,84,Shipped
646,933,1976-03-29,1,Shipped
647,882,2017-10-10,82,Delivered
648,533,1994-02-24,22,Delivered
649,839,2008-12-06,13,Delivered
650,761,2000-05-17,72,Shipped
651,83,1992-06-14,6,Delivered
652,489,2019-06-22,73,Delivered
653,885,1989-04-08,71,Shipped
654,30,1992-05-09,78,Shipped
655,227,2011-07-22,41,Delivered
656,145,1981-06-15,84,Delivered
657,823,1991-07-24,34,Delivered
658,118,2016-08-08,87,Cancelled
659,391,1980-07-08,11,Delivered
660,953,2008-05-03,50,Cancelled
661,60,2017-10-21,54,Delivered
662,53,2013-02-28,30,Cancelled
663,761,2026-01-29,97,Cancelled
664,447,1985-01-06,52,Shipped
665,583,2020-03-11,53,Shipped
666,273,1992-08-18,60,Delivered
667,885,2020-04-20,81,Delivered
668,252,1978-05-26,52,Cancelled
669,86,2025-11-02,75,Cancelled
670,889,2010-09-20,76,Cancelled
671,956,1990-11-11,63,Shipped
672,720,1986-06-07,52,Shipped
673,397,2004-11-15,29,Shipped
674,947,2021-11-23,11,Cancelled
675,297,2005-04-18,29,Cancelled
676,717,2017-05-14,40,Cancelled
677,221,2008-08-10,99,Cancelled
678,540,1973-12-15,90,Cancelled
679,236,2017-01-18,19,Shipped
680,873,1987-02-12,34,Shipped
681,23,2020-06-01,62,Cancelled
682,598,2017-07-23,38,Cancelled
683,5,2019-04-16,83,Cancelled
684,478,1996-06-07,25,Cancelled
685,970,2010-12-06,18,Cancelled
686,846,1997-10-05,39,Cancelled
687,889,2025-12-15,45,Shipped
688,801,1976-02-16,6,Shipped
689,336,1984-12-20,54,Cancelled
690,992,1970-02-24,35,Shipped
691,507,1994-07-21,65,Delivered
692,75,1974-05-22,14,Cancelled
693,40,2023-12-29,86,Delivered
694,3,2018-09-18,50,Shipped
695,694,1971-03-01,98,Delivered
696,708,2017-01-16,56,Delivered
697,511,1973-04-04,73,Delivered
698,404,1974-07-27,60,Cancelled
699,168,1980-03-22,58,Delivered
700,353,2019-10-16,90,Delivered
701,964,1970-09-13,55,Delivered
702,208,2008-01-31,52,Shipped
703,134,1986-04-17,75,Shipped
704,139,2018-02-21,61,Shipped
705,923,1971-07-26,95,Cancelled
706,364,2001-04-29,48,Delivered
707,221,2012-01-04,53,Delivered
708,120,1996-05-30,65,Cancelled
709,179,2003-02-27,54,Delivered
710,829,1973-02-15,65,Cancelled
711,368,1979-04-29,12,Cancelled
712,505,2017-04-07,3,Cancelled
713,26,1979-04-29,2,Shipped
714,23,1996-02-25,12,Shipped
715,311,1992-03-10,7,Cancelled
716,393,2013-09-21,89,Delivered
717,340,1971-09-08,92,Delivered
718,266,1983-08-21,3,Delivered
719,782,1992-12-24,80,Delivered
720,80,1988-07-12,28,Shipped
721,616,1971-10-02,98,Shipped
722,638,1970-03-11,4,Cancelled
723,13,1983-06-22,51,Delivered
724,555,1979-05-30,13,Shipped
725,983,2002-06-06,57,Shipped
726,607,2012-10-17,3,Delivered
727,304,1970-11-19,56,Delivered
728,776,1976-03-31,81,Shipped
729,603,2017-03-25,97,Cancelled
730,647,1973-05-28,34,Delivered
731,410,2002-10-17,44,Cancelled
732,711,1990-09-15,15,Cancelled
733,826,1978-12-31,49,Shipped
734,763,2006-09-02,73,Cancelled
735,223,2004-09-19,3,Delivered
736,585,1994-02-01,21,Cancelled
737,448,2019-05-16,67,Cancelled
738,404,2017-06-29,10,Delivered
739,219,2007-07-06,98,Delivered
740,471,1984-03-30,94,Shipped
741,403,2012-02-23,72,Cancelled
742,434,2021-05-14,28,Shipped
743,193,2010-02-17,89,Cancelled
744,925,1999-05-20,44,Shipped
745,352,1975-04-04,14,Delivered
746,44,2001-04-28,11,Delivered
747,533,2017-01-27,33,Cancelled
748,143,1998-01-13,63,Cancelled
749,252,1995-03-26,35,Shipped
750,6,2017-06-06,33,Delivered
751,39,1970-08-05,56,Cancelled
752,472,1989-02-06,39,Delivered
753,652,2002-11-04,35,Cancelled
754,666,1992-05-21,38,Shipped
755,382,1993-11-05,43,Delivered
756,251,2002-08-20,65,Shipped
757,359,2009-10-15,30,Shipped
758,255,1977-02-24,2,Shipped
759,404,1993-02-24,61,Delivered
760,437,1994-06-21,95,Delivered
761,182,2014-07-16,79,Shipped
762,815,1992-03-28,64,Delivered
763,811,1973-12-26,79,Cancelled
764,520,1994-03-11,23,Delivered
765,327,1997-05-27,17,Shipped
766,672,2011-05-13,60,Delivered
767,579,1990-06-10,65,Cancelled
768,80,1988-06-27,58,Cancelled
769,213,2002-04-21,63,Cancelled
770,348,2016-12-21,26,Cancelled
771,324,1993-01-27,22,Cancelled
772,955,1980-04-25,4,Cancelled
773,431,1992-02-25,39,Shipped
774,847,1987-06-30,36,Cancelled
775,231,2002-07-10,17,Delivered
776,935,1981-06-30,71,Cancelled
777,333,2007-03-18,18,Delivered
778,686,2024-03-12,77,Delivered
779,84,1991-12-01,47,Shipped
780,473,1970-01-01,3,Delivered
781,488,1993-07-11,3,Delivered
782,57,2023-02-21,10,Shipped
783,835,2005-12-18,49,Cancelled
784,621,1972-12-08,87,Cancelled
785,192,2018-08-27,65,Shipped
786,56,2022-09-19,47,Shipped
787,499,1979-10-25,37,Cancelled
788,732,1989-09-14,79,Shipped
789,673,1980-02-28,56,Cancelled
790,930,1997-05-25,56,Shipped
791,373,1989-03-15,71,Delivered
792,448,2012-12-26,37,Shipped
793,666,2024-04-26,89,Cancelled
794,530,1974-09-11,55,Cancelled
795,779,2006-03-20,73,Shipped
796,527,2014-06-29,73,Cancelled
797,965,2008-03-06,29,Shipped
798,796,1982-07-06,42,Cancelled
799,87,1974-01-13,20,Delivered
800,384,2000-04-16,45,Shipped
801,181,1990-04-04,92,Delivered
802,946,1981-08-09,7,Shipped
803,497,1988-05-24,24,Delivered
804,608,1973-09-23,19,Delivered
805,130,1972-07-29,76,Delivered
806,222,2017-03-11,82,Delivered
807,113,2022-12-16,5,Delivered
808,164,1977-05-09,37,Shipped
809,102,2002-12-22,16,Shipped
810,96,1972-09-15,6,Cancelled
811,677,1970-12-04,23,Cancelled
812,561,2014-04-12,29,Delivered
813,681,1997-04-27,33,Delivered
814,179,2002-01-20,42,Cancelled
815,981,1986-10-05,50,Shipped
816,419,1984-08-12,6,Cancelled
817,100,1975-09-21,97,Shipped
818,501,1996-08-06,70,Cancelled
819,873,2006-03-02,3,Cancelled
820,195,2006-01-18,70,Delivered
821,355,2012-02-08,14,Delivered
822,387,1991-02-19,98,Shipped
823,896,2012-04-29,32,Cancelled
824,528,2015-01-12,67,Shipped
825,167,1995-12-22,15,Delivered
826,880,1990-05-30,89,Delivered
827,237,2000-08-25,37,Delivered
828,228,1990-03-02,35,Shipped
829,70,2019-10-25,51,Delivered
830,155,2008-10-31,38,Shipped
831,324,1984-07-23,55,Shipped
832,777,1983-03-18,69,Cancelled
833,814,1995-05-26,29,Shipped
834,527,1985-04-25,4,Cancelled
835,454,2005-01-09,15,Shipped
836,982,2003-09-02,35,Cancelled
837,255,2002-11-30,47,Cancelled
838,172,2018-05-03,90,Delivered
839,870,2016-04-27,58,Delivered
840,456,2024-09-24,92,Shipped
841,920,2011-12-23,35,Cancelled
842,458,1976-12-15,72,Shipped
843,807,2024-01-30,77,Shipped
844,912,1977-11-17,20,Shipped
845,927,2002-04-12,49,Cancelled
846,265,1982-05-27,67,Cancelled
847,940,2001-08-20,49,Shipped
848,478,2021-04-17,31,Cancelled
849,211,1980-09-21,29,Cancelled
850,593,1980-05-30,62,Delivered
851,564,2006-10-20,87,Shipped
852,307,2012-03-27,97,Delivered
853,89,2002-06-10,76,Cancelled
854,243,2022-07-28,58,Shipped
855,143,2006-01-24,58,Delivered
856,18,2004-03-13,10,Delivered
857,328,2018-08-31,22,Shipped
858,321,2021-10-04,62,Cancelled
859,734,2007-09-29,28,Cancelled
860,198,2003-01-23,95,Delivered
861,197,1981-09-12,12,Shipped
862,747,2014-09-08,73,Cancelled
863,569,2000-09-17,95,Delivered
864,713,2008-06-29,62,Cancelled
865,713,1991-05-22,68,Cancelled
866,31,1989-10-26,61,Cancelled
867,290,2012-07-26,58,Delivered
868,291,1991-11-10,5,Delivered
869,206,2021-07-16,23,Shipped
870,237,1993-03-06,74,Shipped
871,190,1981-05-23,31,Shipped
872,485,2014-06-14,79,Delivered
873,322,1991-02-05,51,Shipped
874,94,2009-10-10,26,Shipped
875,567,1993-04-13,95,Cancelled
876,570,1984-02-03,77,Cancelled
877,24,2002-04-06,8,Shipped
878,806,1986-09-23,19,Cancelled
879,853,2021-11-11,3,Delivered
880,13,1981-11-21,47,Cancelled
881,682,1998-09-06,67,Delivered
882,56,2000-01-20,63,Shipped
883,402,1983-10-02,29,Delivered
884,881,1982-12-09,34,Delivered
885,752,1971-08-11,44,Shipped
886,977,2007-08-16,90,Cancelled
887,463,1972-12-27,14,Shipped
888,563,2008-02-21,40,Shipped
889,954,1988-09-19,92,Cancelled
890,448,2015-03-18,90,Delivered
891,582,2023-02-19,43,Shipped
892,915,1987-05-31,64,Delivered
893,418,1985-02-27,69,Delivered
894,119,1975-01-31,64,Cancelled
895,368,1994-12-03,76,Cancelled
896,263,1984-03-06,71,Shipped
897,288,2006-10-09,79,Cancelled
898,190,1975-08-15,67,Cancelled
899,823,2002-05-08,20,Cancelled
900,703,2012-07-29,66,Delivered
901,424,1989-08-20,47,Cancelled
902,623,1986-12-04,31,Delivered
903,440,1986-02-14,3,Shipped
904,279,1983-05-18,11,Cancelled
905,266,1972-01-30,40,Shipped
906,759,1998-10-03,54,Cancelled
907,482,2016-10-12,1,Cancelled
908,244,2021-03-20,60,Cancelled
909,40,1990-10-14,18,Shipped
910,111,1993-03-03,14,Shipped
911,791,2013-09-22,35,Delivered
912,900,2004-04-21,45,Shipped
913,386,1985-04-02,24,Delivered
914,355,1984-02-08,58,Cancelled
915,683,2024-09-27,63,Shipped
916,129,1987-01-05,17,Cancelled
917,271,2025-08-12,62,Cancelled
918,689,1992-07-25,66,Delivered
919,415,1981-02-04,52,Shipped
920,348,1979-05-09,4,Shipped
921,856,1991-11-12,22,Shipped
922,55,2000-09-12,5,Cancelled
923,427,2009-09-06,13,Cancelled
924,809,2007-06-25,36,Shipped
925,322,1999-08-16,40,Delivered
926,559,2005-04-29,88,Shipped
927,439,1982-08-14,81,Delivered
928,279,2015-04-02,20,Shipped
929,557,2022-06-04,76,Delivered
930,221,1977-12-12,35,Delivered
931,695,1996-11-30,36,Shipped
932,952,2019-07-10,94,Delivered
933,146,2007-01-17,33,Shipped
934,916,1987-03-05,91,Delivered
935,981,2002-05-06,9,Delivered
936,836,1970-07-09,98,Delivered
937,918,1976-04-01,21,Shipped
938,816,1971-09-12,59,Shipped
939,832,2001-01-06,4,Delivered
940,925,1999-03-11,56,Shipped
941,109,1994-08-03,25,Shipped
942,823,1994-09-15,66,Delivered
943,692,1988-10-16,47,Delivered
944,882,2020-08-28,11,Cancelled
945,624,1970-10-31,36,Shipped
946,808,1994-02-23,69,Shipped
947,953,1970-09-13,26,Delivered
948,187,2007-01-23,93,Delivered
949,416,1973-09-09,5,Shipped
950,129,2025-01-09,99,Delivered
951,292,2009-10-22,33,Shipped
952,563,2003-09-04,47,Shipped
953,318,1970-05-23,4,Shipped
954,11,1992-05-26,13,Delivered
955,986,2011-01-23,87,Cancelled
956,902,1990-11-25,53,Shipped
957,508,2018-09-21,78,Cancelled
958,241,2015-03-07,75,Delivered
959,42,1978-11-20,25,Shipped
960,893,2015-07-23,92,Delivered
961,953,2019-08-08,50,Cancelled
962,993,2012-05-15,40,Cancelled
963,889,2000-01-28,13,Shipped
964,669,1999-10-24,93,Delivered
965,649,2008-10-01,6,Delivered
966,824,2024-11-23,55,Shipped
967,580,1975-08-20,30,Shipped
968,333,1970-06-03,18,Cancelled
969,773,1997-06-22,13,Cancelled
970,432,2013-02-14,77,Shipped
971,823,2019-08-21,81,Cancelled
972,186,2015-06-02,47,Shipped
973,416,1989-11-09,33,Cancelled
974,638,1990-05-04,67,Shipped
975,898,1977-05-23,61,Cancelled
976,569,2007-12-15,43,Cancelled
977,555,1985-06-21,83,Shipped
978,315,1997-05-19,45,Delivered
979,284,1986-12-16,61,Delivered
980,89,2019-02-17,37,Cancelled
981,181,1999-08-07,73,Shipped
982,619,1976-09-16,38,Delivered
983,402,1974-09-07,2,Cancelled
984,129,1970-04-01,82,Cancelled
985,565,2019-01-26,7,Cancelled
986,407,1979-09-17,48,Cancelled
987,241,1986-07-03,44,Delivered
988,29,1974-12-25,18,Delivered
989,130,1970-12-05,48,Shipped
990,782,1998-07-09,49,Cancelled
991,421,1985-03-23,98,Shipped
992,466,1974-01-31,41,Cancelled
993,483,2020-03-06,4,Cancelled
994,226,1983-06-10,66,Delivered
995,344,1992-05-29,97,Shipped
996,962,1980-08-23,89,Shipped
997,824,1985-06-14,87,Shipped
998,344,1990-09-04,57,Delivered
999,256,2016-09-09,70,Cancelled
1000,58,1978-10-16,43,Delivered
1001,175,1972-10-14,69,Delivered
1002,424,2019-06-01,90,Delivered
1003,731,1989-02-16,89,Shipped
1004,128,1989-01-05,8,Delivered
1005,609,2016-07-28,91,Delivered
1006,800,2011-07-03,66,Shipped
1007,951,1971-01-06,18,Delivered
1008,203,1983-02-13,61,Delivered
1009,154,2018-08-07,85,Shipped
1010,349,2022-03-14,45,Shipped
1011,985,1973-11-17,78,Shipped
1012,76,1990-04-05,91,Cancelled
1013,448,1986-01-04,53,Delivered
1014,686,2024-11-28,17,Delivered
1015,756,2013-06-27,58,Delivered
1016,729,1971-12-29,28,Shipped
1017,830,2009-11-28,14,Cancelled
1018,165,1977-07-12,52,Delivered
1019,786,2024-12-08,84,Cancelled
1020,382,2002-04-10,92,Delivered
1021,306,1992-07-01,37,Shipped
1022,237,2007-10-08,56,Shipped
1023,257,1997-07-27,20,Delivered
1024,951,2020-11-09,9,Cancelled
1025,81,2014-10-20,14,Delivered
1026,939,2024-03-07,55,Shipped
1027,939,2020-03-03,94,Delivered
1028,838,1995-12-29,27,Shipped
1029,505,2004-04-28,71,Delivered
1030,626,2024-06-17,67,Shipped
1031,845,2006-01-29,6,Cancelled
1032,713,2023-10-22,45,Shipped
1033,208,1997-06-27,46,Delivered
1034,947,1984-11-16,54,Shipped
1035,244,1993-02-27,79,Cancelled
1036,90,1997-08-01,74,Shipped
1037,863,1991-12-06,5,Shipped
1038,275,1989-03-10,57,Shipped
1039,980,1978-03-04,32,Delivered
1040,637,2007-11-05,71,Cancelled
1041,48,1984-03-30,6,Shipped
1042,629,2001-04-17,59,Shipped
1043,416,2005-05-25,51,Shipped
1044,78,2017-06-21,74,Shipped
1045,563,2015-01-11,23,Delivered
1046,222,1986-05-25,52,Cancelled
1047,555,1993-01-14,15,Cancelled
1048,547,2022-09-01,8,Shipped
1049,514,1970-04-07,32,Shipped
1050,448,2015-01-24,71,Shipped
1051,37,1992-12-30,73,Cancelled
1052,780,1978-08-17,34,Delivered
1053,478,2015-09-18,7,Cancelled
1054,173,1983-06-29,18,Delivered
1055,961,2017-01-16,99,Shipped
1056,236,1980-03-04,51,Delivered
1057,395,2006-08-30,98,Delivered
1058,295,1973-04-15,28,Cancelled
1059,991,1982-01-01,94,Cancelled
1060,69,2006-06-20,26,Cancelled
1061,246,1971-10-13,99,Cancelled
1062,23,1982-08-31,83,Delivered
1063,574,1985-06-24,99,Delivered
1064,185,1991-09-20,91,Shipped
1065,407,1972-03-09,15,Shipped
1066,256,1977-01-04,13,Delivered
1067,773,1980-10-17,3,Shipped
1068,647,1976-06-23,63,Delivered
1069,696,1981-04-25,79,Cancelled
1070,336,2007-03-03,52,Cancelled
1071,41,1991-08-21,84,Cancelled
1072,322,2000-10-01,27,Shipped
1073,661,1975-02-25,82,Cancelled
1074,356,2023-11-05,55,Shipped
1075,233,1985-02-22,69,Shipped
1076,752,1973-01-25,5,Shipped
1077,447,2023-05-06,24,Cancelled
1078,366,1971-09-26,48,Delivered
1079,714,2010-04-18,36,Cancelled
1080,793,2015-10-14,13,Cancelled
1081,723,2010-12-25,33,Delivered
1082,416,1986-09-11,3,Delivered
1083,175,2018-03-19,19,Delivered
1084,351,2021-05-26,99,Delivered
1085,949,1989-12-07,42,Cancelled
1086,717,1971-08-30,82,Delivered
1087,85,1990-07-24,74,Cancelled
1088,616,1971-11-23,15,Cancelled
1089,591,1999-01-05,88,Shipped
1090,380,2017-07-12,63,Delivered
1091,31,2006-10-02,97,Shipped
1092,594,1998-07-04,52,Delivered
1093,748,2019-11-19,30,Cancelled
1094,564,1987-09-19,21,Cancelled
1095,166,2024-11-30,93,Cancelled
1096,812,2025-03-01,20,Shipped
1097,353,1983-04-20,74,Shipped
1098,731,1988-09-15,64,Cancelled
1099,202,1972-02-21,16,Cancelled
1100,108,1981-02-19,8,Shipped
1101,168,1998-11-07,8,Cancelled
1102,219,1981-12-18,52,Delivered
1103,328,1977-04-26,24,Cancelled
1104,668,1995-08-22,47,Delivered
1105,662,2013-08-02,85,Delivered
1106,939,2011-11-14,21,Delivered
1107,968,1994-02-18,79,Shipped
1108,970,1990-01-27,23,Cancelled
1109,394,2018-02-02,75,Delivered
1110,217,1989-03-01,97,Delivered
1111,327,2017-06-30,42,Delivered
1112,957,1983-07-31,44,Shipped
1113,627,1988-12-09,22,Delivered
1114,575,2022-07-30,92,Shipped
1115,676,2016-07-05,34,Shipped
1116,811,1977-06-11,27,Shipped
1117,879,1972-07-08,64,Shipped
1118,94,1997-03-29,25,Cancelled
1119,580,1997-04-30,14,Delivered
1120,722,1993-10-17,54,Shipped
1121,771,2019-08-13,58,Cancelled
1122,284,2012-04-22,85,Cancelled
1123,487,2012-08-13,93,Delivered
1124,359,2002-03-16,78,Delivered
1125,479,2017-08-15,16,Shipped
1126,826,2015-09-14,54,Cancelled
1127,528,2019-08-31,40,Shipped
1128,435,2021-09-06,52,Cancelled
1129,986,1975-01-23,81,Delivered
1130,371,1972-04-24,2,Shipped
1131,998,1975-06-29,30,Cancelled
1132,390,1989-10-27,90,Cancelled
1133,26,1982-01-30,66,Delivered
1134,59,1971-12-14,70,Cancelled
1135,363,1988-08-12,63,Shipped
1136,538,1989-05-25,36,Delivered
1137,310,2000-10-12,13,Cancelled
1138,984,2024-12-08,20,Cancelled
1139,132,2022-01-10,36,Shipped
1140,344,2009-09-15,6,Cancelled
1141,508,1981-10-01,77,Cancelled
1142,234,1974-09-10,42,Delivered
1143,298,1990-11-02,43,Delivered
1144,111,1999-10-25,34,Shipped
1145,253,2014-01-28,69,Delivered
1146,935,2022-02-24,76,Shipped
1147,563,1994-02-12,41,Delivered
1148,146,2000-12-31,20,Shipped
1149,467,2013-11-19,23,Shipped
1150,235,2001-06-01,61,Cancelled
1151,653,2019-11-05,29,Cancelled
1152,364,2016-04-15,12,Cancelled
1153,571,2005-01-01,79,Delivered
1154,13,1980-06-10,83,Delivered
1155,388,2013-10-29,17,Shipped
1156,786,2017-06-24,44,Delivered
1157,209,2018-02-05,59,Shipped
1158,212,2012-05-22,32,Delivered
1159,177,1998-06-21,95,Cancelled
1160,794,1972-06-22,43,Cancelled
1161,324,2000-02-23,88,Cancelled
1162,802,1997-01-05,13,Cancelled
1163,556,1990-11-24,16,Delivered
1164,790,1992-09-12,15,Delivered
1165,418,1999-05-15,66,Shipped
1166,456,1980-03-14,78,Delivered
1167,761,2008-08-09,10,Cancelled
1168,672,1992-02-06,53,Delivered
1169,499,1989-11-14,94,Cancelled
1170,365,1988-09-10,82,Delivered
1171,496,2001-06-29,69,Delivered
1172,677,1973-11-08,38,Shipped
1173,994,1988-10-08,38,Shipped
1174,593,2003-02-28,96,Shipped
1175,655,1986-10-07,19,Cancelled
1176,185,2013-02-23,18,Shipped
1177,708,1990-09-16,10,Cancelled
1178,345,2019-09-28,48,Shipped
1179,631,1992-09-19,9,Delivered
1180,679,1997-04-30,40,Delivered
1181,976,2003-07-21,73,Shipped
1182,630,1982-07-14,40,Cancelled
1183,34,2007-10-29,42,Delivered
1184,478,2004-11-30,14,Shipped
1185,970,2022-03-08,65,Delivered
1186,809,2007-12-26,53,Shipped
1187,187,2017-10-17,30,Shipped
1188,976,1982-05-08,98,Delivered
1189,405,2000-09-16,73,Delivered
1190,873,2021-12-20,69,Shipped
1191,949,1992-12-07,31,Delivered
1192,844,2010-01-14,58,Delivered
1193,564,2022-10-11,14,Cancelled
1194,636,2003-09-28,92,Delivered
1195,113,2015-04-02,47,Cancelled
1196,724,2010-04-16,80,Cancelled
1197,110,2002-12-06,19,Shipped
1198,467,2013-02-26,27,Cancelled
1199,949,2009-06-23,60,Cancelled
1200,552,2023-10-24,95,Shipped
1201,877,1981-06-15,62,Delivered
1202,497,2025-08-19,39,Cancelled
1203,855,1978-04-25,28,Shipped
1204,79,1972-02-29,69,Cancelled
1205,185,1971-04-08,98,Shipped
1206,703,1974-05-13,58,Shipped
1207,636,2007-01-27,28,Delivered
1208,949,2009-04-04,91,Delivered
1209,457,2011-02-16,94,Shipped
1210,565,1997-01-14,54,Shipped
1211,416,1987-02-24,49,Delivered
1212,207,2020-07-25,12,Cancelled
1213,767,2022-09-30,2,Cancelled
1214,954,2004-11-14,6,Cancelled
1215,722,2000-02-13,73,Cancelled
1216,975,1994-06-03,52,Delivered
1217,604,1972-08-11,33,Shipped
1218,822,2022-07-17,55,Cancelled
1219,665,1980-01-26,64,Shipped
1220,837,1984-02-18,54,Shipped
1221,730,1974-08-02,9,Shipped
1222,36,1971-08-14,83,Delivered
1223,859,1990-07-22,2,Cancelled
1224,903,1987-10-11,85,Cancelled
1225,203,2004-06-10,20,Shipped
1226,321,1984-10-18,79,Shipped
1227,611,1991-02-03,23,Shipped
1228,596,2006-09-14,88,Cancelled
1229,216,1993-02-06,50,Shipped
1230,76,2011-03-04,89,Shipped
1231,3,1998-06-28,56,Shipped
1232,896,1983-03-07,29,Cancelled
1233,747,2005-12-21,66,Delivered
1234,517,1980-04-06,8,Shipped
1235,501,1981-03-15,13,Shipped
1236,511,2010-08-20,14,Cancelled
1237,265,1998-02-15,54,Delivered
1238,783,1990-07-03,43,Cancelled
1239,710,2017-02-24,84,Cancelled
1240,889,1996-10-17,84,Shipped
1241,908,1980-08-01,9,Cancelled
1242,815,1993-06-07,41,Delivered
1243,772,2000-02-06,39,Shipped
1244,570,2009-09-20,52,Shipped
1245,913,1983-12-17,9,Cancelled
1246,352,1985-03-27,24,Shipped
1247,939,1992-02-15,36,Delivered
1248,449,2012-07-15,57,Cancelled
1249,688,2021-06-08,5,Shipped
1250,517,1994-05-23,66,Cancelled
1251,565,2016-10-28,59,Cancelled
1252,31,2001-03-25,36,Cancelled
1253,17,1999-08-24,64,Delivered
1254,762,1987-06-11,27,Shipped
1255,712,1990-04-16,81,Delivered
1256,444,2001-02-16,59,Delivered
1257,115,1997-11-16,25,Delivered
1258,643,2018-03-17,16,Cancelled
1259,476,1980-08-17,16,Shipped
1260,203,1979-10-06,8,Delivered
1261,410,1979-05-02,11,Delivered
1262,990,1991-03-25,47,Delivered
1263,941,1996-12-04,27,Cancelled
1264,797,1985-12-03,98,Delivered
1265,963,2013-11-10,18,Shipped
1266,569,2005-04-23,32,Delivered
1267,81,2007-02-25,62,Cancelled
1268,181,2000-04-15,93,Delivered
1269,688,2017-09-17,1,Delivered
1270,50,1984-10-26,69,Delivered
1271,367,1976-02-13,15,Cancelled
1272,707,2021-06-22,59,Cancelled
1273,157,2012-03-16,8,Cancelled
1274,350,2016-07-31,49,Delivered
1275,15,1995-06-15,5,Cancelled
1276,53,2022-09-27,99,Shipped
1277,225,1974-09-17,7,Cancelled
1278,496,2005-07-13,61,Cancelled
1279,25,2015-08-07,84,Cancelled
1280,860,1974-03-25,28,Delivered
1281,277,2003-12-31,81,Cancelled
1282,94,1988-01-05,9,Delivered
1283,336,2005-02-25,82,Cancelled
1284,872,2001-11-19,3,Cancelled
1285,645,2020-12-26,76,Shipped
1286,983,2010-07-10,44,Shipped
1287,914,2025-09-29,38,Delivered
1288,691,1979-08-18,23,Cancelled
1289,610,1986-09-14,91,Cancelled
1290,696,1983-10-03,22,Delivered
1291,108,2014-10-31,73,Delivered
1292,225,1997-09-05,64,Cancelled
1293,538,2012-05-07,98,Shipped
1294,593,2008-07-15,58,Cancelled
1295,744,2003-11-25,34,Shipped
1296,810,1985-12-16,10,Delivered
1297,189,1997-07-01,16,Shipped
1298,811,1971-01-14,60,Delivered
1299,218,1994-04-19,42,Delivered
1300,252,2019-09-19,21,Delivered
1301,468,1989-04-27,88,Cancelled
1302,23,2017-08-24,38,Cancelled
1303,455,1986-09-16,48,Delivered
1304,907,1991-09-07,84,Shipped
1305,584,1972-02-28,98,Cancelled
1306,101,2012-08-26,53,Cancelled
1307,619,2015-11-21,12,Shipped
1308,389,2016-11-16,86,Delivered
1309,243,2021-05-29,43,Delivered
1310,303,1983-08-26,22,Shipped
1311,225,1986-09-29,2,Cancelled
1312,510,1984-09-21,32,Cancelled
1313,274,2012-04-07,66,Delivered
1314,938,1986-01-30,77,Delivered
1315,144,2003-11-11,97,Shipped
1316,295,2001-09-10,40,Shipped
1317,781,1986-02-21,47,Shipped
1318,668,2021-05-20,65,Shipped
1319,864,1987-03-24,98,Cancelled
1320,72,2011-05-16,55,Cancelled
1321,591,1981-02-03,70,Delivered
1322,976,1996-02-04,31,Cancelled
1323,405,2005-01-30,90,Delivered
1324,108,1989-05-16,80,Shipped
1325,928,2018-04-26,56,Shipped
1326,163,2010-03-19,24,Delivered
1327,949,2022-02-09,76,Cancelled
1328,747,2023-03-13,26,Cancelled
1329,223,1997-07-22,33,Delivered
1330,308,1997-06-09,16,Delivered
1331,385,1970-12-10,64,Delivered
1332,382,2018-03-21,83,Delivered
1333,477,1976-06-03,66,Delivered
1334,785,2023-10-13,78,Cancelled
1335,517,1980-01-20,2,Shipped
1336,603,2007-11-12,9,Shipped
1337,23,2017-03-03,83,Delivered
1338,129,2005-08-21,27,Cancelled
1339,828,2019-02-08,70,Shipped
1340,806,1974-07-29,30,Shipped
1341,566,2010-01-28,29,Delivered
1342,883,1980-11-17,83,Delivered
1343,970,1993-01-16,65,Shipped
1344,887,2011-02-28,86,Delivered
1345,285,2012-10-13,19,Shipped
1346,332,1997-10-14,22,Shipped
1347,716,1985-01-22,35,Shipped
1348,143,1993-02-12,89,Shipped
1349,317,2014-05-20,41,Shipped
1350,7,2013-03-30,48,Shipped
1351,917,1997-12-17,48,Cancelled
1352,750,1992-06-27,68,Delivered
1353,514,2014-09-09,9,Delivered
1354,682,1981-01-25,49,Cancelled
1355,107,2018-12-09,4,Cancelled
1356,799,2013-10-18,47,Shipped
1357,251,1982-06-22,53,Shipped
1358,666,1980-08-11,37,Shipped
1359,404,1996-09-27,54,Delivered
1360,922,1992-07-28,55,Delivered
1361,1,2017-09-29,5,Cancelled
1362,889,2015-04-27,61,Delivered
1363,218,2023-05-22,34,Cancelled
1364,288,1971-09-22,82,Shipped
1365,832,1987-10-26,21,Shipped
1366,855,2005-02-22,17,Shipped
1367,545,2016-04-19,69,Cancelled
1368,893,1992-02-25,26,Cancelled
1369,499,1993-09-23,73,Shipped
1370,626,2005-04-12,17,Delivered
1371,562,1981-06-22,35,Delivered
1372,330,2016-08-19,19,Delivered
1373,596,1991-07-31,44,Delivered
1374,331,2008-06-19,10,Shipped
1375,690,1986-09-28,57,Cancelled
1376,560,2004-08-02,64,Cancelled
1377,94,2022-08-14,72,Cancelled
1378,144,2011-06-14,76,Cancelled
1379,84,1987-06-21,79,Cancelled
1380,260,1977-04-09,71,Delivered
1381,65,2018-11-06,4,Delivered
1382,750,1985-08-14,70,Shipped
1383,496,1997-10-04,40,Shipped
1384,275,1974-04-17,44,Shipped
1385,768,1985-11-18,14,Delivered
1386,895,2022-12-19,33,Cancelled
1387,179,1979-10-21,40,Shipped
1388,486,2008-12-19,64,Shipped
1389,113,1979-05-13,11,Cancelled
1390,33,2015-09-17,14,Cancelled
1391,342,2011-04-07,15,Shipped
1392,184,1973-09-19,22,Delivered
1393,808,2008-06-25,38,Shipped
1394,942,2017-12-27,89,Shipped
1395,722,1970-12-24,25,Cancelled
1396,953,1993-11-10,48,Shipped
1397,203,2004-01-26,99,Shipped
1398,150,2012-06-03,47,Shipped
1399,515,1986-02-13,83,Shipped
1400,792,2010-10-19,86,Cancelled
1401,418,1993-09-09,2,Delivered
1402,86,1974-07-07,57,Delivered
1403,759,1981-03-10,42,Delivered
1404,605,2019-11-07,83,Cancelled
1405,364,1976-06-22,23,Shipped
1406,867,1975-01-13,2,Shipped
1407,775,2024-01-21,94,Cancelled
1408,493,1980-05-01,96,Shipped
1409,916,2018-04-25,71,Cancelled
1410,337,1999-04-27,82,Cancelled
1411,476,2010-02-17,32,Delivered
1412,465,2004-03-09,83,Cancelled
1413,179,2017-04-24,80,Cancelled
1414,302,2005-01-26,44,Shipped
1415,744,2021-03-31,35,Delivered
1416,737,2005-04-19,92,Shipped
1417,720,1978-10-31,6,Cancelled
1418,232,2008-02-24,48,Cancelled
1419,602,1974-12-31,88,Shipped
1420,254,2010-10-25,72,Cancelled
1421,613,1990-09-03,43,Shipped
1422,362,1975-06-27,56,Delivered
1423,989,1976-01-22,27,Shipped
1424,409,1978-01-21,41,Cancelled
1425,372,1981-05-24,95,Shipped
1426,904,1989-09-19,66,Cancelled
1427,537,2014-06-10,71,Delivered
1428,861,1987-05-04,11,Delivered
1429,941,2002-09-01,34,Delivered
1430,991,1991-10-18,39,Shipped
1431,567,2004-02-20,44,Cancelled
1432,274,2018-07-22,44,Delivered
1433,737,1998-04-23,44,Cancelled
1434,22,1990-08-06,39,Shipped
1435,277,2025-10-01,42,Delivered
1436,216,2011-02-06,8,Delivered
1437,867,2012-07-20,29,Cancelled
1438,273,1993-04-24,64,Shipped
1439,21,2018-08-10,61,Cancelled
1440,458,2000-03-17,97,Cancelled
1441,977,2025-07-23,56,Delivered
1442,218,2011-02-18,96,Shipped
1443,264,1972-12-02,10,Cancelled
1444,590,1987-07-25,23,Shipped
1445,610,1984-05-15,42,Delivered
1446,387,2007-03-04,8,Shipped
1447,705,2000-08-06,68,Shipped
1448,75,2005-10-12,78,Delivered
1449,565,1991-08-26,34,Shipped
1450,775,2012-12-25,30,Cancelled
1451,237,2012-02-19,53,Cancelled
1452,138,2001-09-27,84,Cancelled
1453,885,1972-08-07,25,Shipped
1454,200,2020-07-19,75,Cancelled
1455,977,2023-11-24,44,Delivered
1456,599,1992-08-14,86,Cancelled
1457,137,2009-08-05,22,Cancelled
1458,875,1997-03-27,14,Delivered
1459,335,1971-03-09,47,Delivered
1460,354,2000-06-28,7,Cancelled
1461,1,1985-08-17,99,Shipped
1462,41,1998-10-06,45,Delivered
1463,760,1974-03-17,58,Cancelled
1464,171,2023-04-02,79,Shipped
1465,25,1989-02-03,84,Shipped
1466,596,2016-09-24,3,Shipped
1467,335,1997-03-09,4,Delivered
1468,277,1984-12-16,79,Cancelled
1469,911,2012-12-26,68,Delivered
1470,330,1992-11-20,89,Delivered
1471,339,2008-04-20,74,Shipped
1472,602,1992-09-29,40,Cancelled
1473,587,2012-10-28,21,Cancelled
1474,251,1984-07-12,94,Shipped
1475,891,1991-02-09,27,Shipped
1476,515,2011-09-22,80,Cancelled
1477,780,1977-05-13,81,Shipped
1478,452,2018-06-19,31,Cancelled
1479,788,2014-02-20,41,Cancelled
1480,196,2007-05-07,47,Cancelled
1481,577,1990-05-30,57,Delivered
1482,977,1994-11-02,60,Delivered
1483,766,1971-03-29,9,Cancelled
1484,210,1978-01-30,63,Shipped
1485,127,2015-09-23,94,Shipped
1486,757,2007-07-16,7,Delivered
1487,764,2011-12-29,55,Delivered
1488,394,2013-03-06,70,Delivered
1489,774,1971-12-06,8,Delivered
1490,172,1994-09-28,62,Delivered
1491,37,1993-02-25,94,Shipped
1492,297,1978-06-23,60,Cancelled
1493,329,1971-07-01,81,Delivered
1494,137,1986-08-15,32,Delivered
1495,938,2009-10-28,56,Delivered
1496,443,2014-04-16,72,Delivered
1497,520,1972-02-22,37,Cancelled
1498,300,1986-07-01,50,Cancelled
1499,978,2005-05-31,54,Shipped
1500,45,2001-09-21,71,Shipped
1501,374,2017-04-01,2,Cancelled
1502,974,2004-11-20,9,Shipped
1503,584,1994-09-05,19,Cancelled
1504,662,1976-09-22,40,Cancelled
1505,707,1989-12-22,33,Delivered
1506,394,2017-03-14,73,Delivered
1507,181,1972-03-21,33,Cancelled
1508,845,1980-10-24,26,Cancelled
1509,961,2005-06-30,17,Delivered
1510,861,2008-03-17,38,Cancelled
1511,550,2018-10-05,20,Cancelled
1512,821,1994-08-14,9,Delivered
1513,561,1987-12-25,79,Cancelled
1514,477,2017-04-23,18,Delivered
1515,56,2012-06-19,93,Cancelled
1516,611,2009-12-14,86,Cancelled
1517,90,2019-10-20,88,Delivered
1518,562,2016-07-18,60,Shipped
1519,573,2022-06-06,97,Shipped
1520,946,2000-05-15,6,Delivered
1521,239,1995-05-29,55,Cancelled
1522,174,2013-03-31,35,Delivered
1523,295,1977-02-19,16,Delivered
1524,776,1975-09-21,59,Delivered
1525,975,1984-09-27,65,Cancelled
1526,902,1998-11-22,35,Shipped
1527,999,1994-09-11,31,Cancelled
1528,367,2003-11-03,20,Shipped
1529,973,2015-12-14,15,Shipped
1530,769,1989-10-01,72,Shipped
1531,329,1998-02-16,10,Delivered
1532,337,2015-03-11,2,Cancelled
1533,855,1976-10-11,66,Delivered
1534,547,1990-06-08,81,Delivered
1535,928,1980-05-27,23,Delivered
1536,344,1989-12-28,7,Delivered
1537,190,1988-01-30,13,Shipped
1538,419,2006-05-13,22,Shipped
1539,100,2010-01-03,9,Shipped
1540,326,2017-12-10,12,Cancelled
1541,338,1973-05-13,53,Cancelled
1542,479,2020-06-08,41,Cancelled
1543,246,2019-06-16,54,Cancelled
1544,278,1982-08-10,56,Delivered
1545,140,1984-02-15,6,Shipped
1546,845,1995-05-23,95,Shipped
1547,259,1994-10-17,34,Shipped
1548,265,1970-11-13,19,Delivered
1549,197,2020-11-27,69,Cancelled
1550,425,1977-08-16,56,Delivered
1551,658,1979-03-19,89,Shipped
1552,228,2025-11-04,1,Shipped
1553,745,1982-09-03,5,Cancelled
1554,579,1986-11-21,58,Delivered
1555,757,1997-03-26,28,Delivered
1556,617,2025-12-10,49,Shipped
1557,82,2024-02-04,6,Shipped
1558,399,2002-10-18,54,Shipped
1559,5,2020-08-23,21,Shipped
1560,129,1977-06-26,35,Shipped
1561,285,2008-04-03,18,Shipped
1562,856,2009-03-11,11,Shipped
1563,509,2017-04-15,84,Delivered
1564,469,1989-11-19,10,Cancelled
1565,919,2000-03-27,96,Cancelled
1566,136,2005-12-30,67,Cancelled
1567,134,2000-03-13,28,Delivered
1568,246,2013-06-17,60,Cancelled
1569,734,1971-09-10,68,Delivered
1570,939,2015-01-07,64,Delivered
1571,394,1977-07-14,33,Shipped
1572,587,1974-01-29,7,Cancelled
1573,954,2004-09-12,67,Delivered
1574,634,2020-03-23,55,Shipped
1575,220,2015-05-22,96,Delivered
1576,681,1983-01-27,70,Shipped
1577,656,1970-09-05,39,Delivered
1578,320,2013-09-19,46,Cancelled
1579,911,1991-07-25,78,Delivered
1580,557,1986-07-06,67,Shipped
1581,737,1997-10-08,55,Delivered
1582,982,2023-08-10,92,Cancelled
1583,299,2014-12-21,15,Cancelled
1584,293,2003-04-14,27,Cancelled
1585,259,2013-12-19,72,Shipped
1586,528,2015-07-14,32,Cancelled
1587,408,2011-07-24,25,Delivered
1588,894,1993-09-04,31,Shipped
1589,131,1980-06-27,30,Shipped
1590,259,2023-11-10,58,Delivered
1591,673,1980-09-29,94,Shipped
1592,684,2001-03-12,79,Cancelled
1593,756,2006-02-21,38,Shipped
1594,66,2005-04-25,67,Cancelled
1595,702,2019-08-10,3,Shipped
1596,445,1983-03-06,77,Delivered
1597,657,1983-10-07,8,Shipped
1598,694,1990-06-13,62,Shipped
1599,749,1988-02-12,31,Cancelled
1600,619,2004-05-13,41,Cancelled
1601,800,1982-06-10,16,Delivered
1602,327,2006-02-10,32,Shipped
1603,550,2008-08-01,90,Delivered
1604,192,2000-07-27,50,Cancelled
1605,450,1972-08-29,8,Delivered
1606,372,1986-05-16,1,Delivered
1607,813,1996-11-13,94,Cancelled
1608,294,1988-09-07,59,Delivered
1609,178,1990-05-11,29,Cancelled
1610,109,2016-09-05,84,Delivered
1611,418,2017-10-03,89,Delivered
1612,75,1976-02-16,80,Shipped
1613,453,2025-07-19,56,Shipped
1614,397,1999-03-22,58,Cancelled
1615,646,1994-02-07,13,Shipped
1616,718,2007-07-14,11,Cancelled
1617,874,2004-11-10,73,Delivered
1618,567,1973-03-04,36,Shipped
1619,608,1998-03-25,17,Shipped
1620,685,1999-12-14,75,Cancelled
1621,271,1970-09-14,49,Cancelled
1622,623,1984-10-02,50,Delivered
1623,123,1982-04-18,63,Shipped
1624,436,2008-10-28,23,Cancelled
1625,297,1981-01-07,73,Cancelled
1626,855,2002-09-25,86,Cancelled
1627,31,2023-01-13,53,Delivered
1628,656,2018-11-07,27,Cancelled
1629,666,1984-10-16,81,Shipped
1630,361,2005-12-31,94,Cancelled
1631,484,1995-11-24,38,Cancelled
1632,82,2013-03-14,80,Shipped
1633,678,1973-06-28,45,Shipped
1634,861,2026-03-20,6,Delivered
1635,533,1987-03-07,98,Delivered
1636,708,2015-08-17,8,Shipped
1637,198,1978-08-09,33,Shipped
1638,766,2006-09-27,29,Cancelled
1639,944,2015-07-17,22,Cancelled
1640,1,2009-02-20,25,Shipped
1641,700,1989-02-24,41,Delivered
1642,130,2013-01-14,24,Shipped
1643,585,1972-12-19,8,Cancelled
1644,918,1975-11-30,54,Shipped
1645,128,1986-05-10,94,Shipped
1646,287,2022-09-02,56,Shipped
1647,970,2008-01-24,59,Delivered
1648,200,2012-12-31,4,Cancelled
1649,888,1993-05-19,39,Cancelled
1650,900,1986-02-04,59,Delivered
1651,980,2000-08-04,7,Shipped
1652,298,1977-11-10,71,Cancelled
1653,701,1985-12-09,24,Shipped
1654,207,2023-12-12,70,Shipped
1655,808,1994-11-26,54,Shipped
1656,267,1970-11-14,10,Shipped
1657,416,2020-03-22,59,Shipped
1658,134,1979-02-13,89,Delivered
1659,913,1993-07-24,67,Shipped
1660,617,1992-06-30,29,Delivered
1661,701,1991-04-18,21,Delivered
1662,533,2021-08-04,3,Cancelled
1663,583,2023-03-06,52,Shipped
1664,610,1999-08-19,38,Delivered
1665,932,2015-08-20,44,Shipped
1666,833,1987-03-26,2,Cancelled
1667,379,1993-12-18,63,Shipped
1668,376,2005-01-21,63,Delivered
1669,523,1993-11-02,28,Delivered
1670,377,1993-11-12,7,Delivered
1671,110,1982-03-23,65,Delivered
1672,724,1985-09-12,50,Shipped
1673,469,1988-09-10,53,Delivered
1674,250,2008-01-29,82,Shipped
1675,25,1981-08-05,41,Delivered
1676,868,2007-09-23,57,Cancelled
1677,190,2011-10-22,76,Cancelled
1678,43,1990-03-28,92,Delivered
1679,852,2016-06-01,67,Shipped
1680,477,1978-06-09,16,Shipped
1681,156,1997-06-24,62,Shipped
1682,77,1984-04-10,23,Shipped
1683,56,2007-01-07,64,Delivered
1684,42,1988-08-01,82,Cancelled
1685,335,2025-08-06,83,Delivered
1686,646,1996-05-25,63,Delivered
1687,33,2003-04-02,94,Shipped
1688,488,1995-07-15,75,Shipped
1689,115,1995-12-17,68,Delivered
1690,750,1973-11-04,54,Cancelled
1691,211,2008-04-30,92,Delivered
1692,540,1991-05-08,36,Shipped
1693,606,1992-05-19,13,Cancelled
1694,980,2001-04-14,70,Cancelled
1695,828,2024-07-06,69,Delivered
1696,226,1978-09-25,60,Cancelled
1697,27,1994-09-06,82,Delivered
1698,870,1990-02-01,8,Cancelled
1699,223,2014-07-25,25,Cancelled
1700,471,1986-04-19,77,Delivered
1701,358,1986-11-22,3,Cancelled
1702,589,1972-02-14,97,Shipped
1703,783,2006-01-20,58,Shipped
1704,407,2008-03-14,96,Shipped
1705,497,1977-05-18,53,Shipped
1706,493,1986-05-16,57,Delivered
1707,359,1978-03-15,23,Delivered
1708,715,2003-10-31,82,Delivered
1709,443,2004-06-20,11,Cancelled
1710,435,2005-06-02,40,Cancelled
1711,7,1986-05-05,46,Delivered
1712,204,2004-05-25,26,Delivered
1713,479,2010-07-07,50,Cancelled
1714,17,2007-08-14,72,Cancelled
1715,476,1982-04-24,67,Delivered
1716,797,1988-08-03,46,Delivered
1717,886,1990-04-12,1,Delivered
1718,912,2017-12-28,57,Cancelled
1719,487,1987-01-30,41,Shipped
1720,596,2025-07-07,65,Delivered
1721,950,2009-12-25,52,Cancelled
1722,664,2007-07-15,70,Cancelled
1723,576,1999-01-14,73,Cancelled
1724,520,1992-06-07,26,Shipped
1725,497,1982-03-07,39,Cancelled
1726,972,1977-10-26,69,Delivered
1727,409,1987-03-21,54,Shipped
1728,446,2000-09-19,72,Shipped
1729,945,1989-05-17,39,Delivered
1730,427,2016-04-03,21,Cancelled
1731,184,1991-09-14,45,Shipped
1732,38,1994-09-16,32,Delivered
1733,438,1974-01-22,72,Delivered
1734,687,2017-05-27,48,Shipped
1735,65,2005-03-24,27,Delivered
1736,390,2009-03-11,77,Delivered
1737,907,1971-08-18,54,Delivered
1738,338,1971-10-17,27,Delivered
1739,415,2011-07-03,86,Delivered
1740,634,2011-09-24,94,Cancelled
1741,434,2023-11-13,84,Shipped
1742,390,2021-01-07,54,Cancelled
1743,893,1976-08-29,8,Cancelled
1744,619,2006-02-22,47,Shipped
1745,8,2006-02-26,12,Delivered
1746,328,1995-06-07,92,Shipped
1747,972,2004-01-20,53,Shipped
1748,538,1997-07-04,74,Shipped
1749,337,1975-05-10,88,Cancelled
1750,187,1981-10-17,62,Shipped
1751,544,1973-03-24,86,Delivered
1752,818,2013-03-11,3,Shipped
1753,225,1998-09-20,2,Delivered
1754,904,1973-06-15,89,Delivered
1755,656,1991-09-14,98,Delivered
1756,786,2010-07-14,80,Cancelled
1757,67,2002-02-04,75,Delivered
1758,168,1989-09-11,8,Cancelled
1759,509,1998-05-22,32,Cancelled
1760,594,2021-10-16,31,Shipped
1761,123,2007-08-20,21,Cancelled
1762,957,2001-02-23,26,Cancelled
1763,398,1981-07-06,72,Cancelled
1764,533,1984-08-03,38,Cancelled
1765,918,1989-04-02,39,Shipped
1766,446,2012-10-10,6,Delivered
1767,119,2001-07-16,87,Shipped
1768,18,1972-08-22,4,Delivered
1769,462,2007-11-09,85,Cancelled
1770,407,2023-07-23,27,Delivered
1771,397,1978-07-07,63,Cancelled
1772,498,1973-03-23,20,Delivered
1773,614,2018-04-22,21,Shipped
1774,208,2018-01-13,91,Shipped
1775,736,2020-06-19,54,Delivered
1776,995,1997-10-29,78,Cancelled
1777,903,1993-11-03,19,Shipped
1778,939,2012-05-08,79,Delivered
1779,607,2009-10-17,14,Delivered
1780,257,2005-10-22,30,Delivered
1781,329,2023-12-10,18,Cancelled
1782,777,1976-07-13,36,Delivered
1783,99,1971-06-06,97,Cancelled
1784,174,2004-02-27,91,Cancelled
1785,806,2000-06-12,61,Delivered
1786,609,2022-11-17,71,Delivered
1787,69,2010-09-28,53,Shipped
1788,28,2021-06-14,23,Delivered
1789,841,1975-11-10,16,Delivered
1790,68,1998-01-19,97,Cancelled
1791,656,1984-06-05,13,Delivered
1792,131,2007-08-05,95,Delivered
1793,963,2012-10-29,83,Delivered
1794,264,2025-07-06,20,Cancelled
1795,926,1985-01-09,91,Cancelled
1796,391,2014-02-04,31,Cancelled
1797,892,1974-12-05,47,Delivered
1798,819,2008-09-09,56,Delivered
1799,547,2025-08-21,73,Shipped
1800,263,1974-06-27,21,Shipped
1801,683,2023-02-11,52,Delivered
1802,144,2000-07-18,22,Cancelled
1803,84,1977-12-31,49,Delivered
1804,749,1994-10-14,42,Delivered
1805,52,1999-02-05,74,Delivered
1806,740,1974-09-16,64,Delivered
1807,837,1974-01-05,5,Delivered
1808,508,2024-07-28,11,Cancelled
1809,250,2019-05-14,80,Cancelled
1810,650,1996-07-01,15,Delivered
1811,116,2001-01-31,21,Delivered
1812,226,1982-01-02,7,Delivered
1813,737,1994-07-01,40,Shipped
1814,668,2023-09-20,97,Shipped
1815,457,2020-02-09,66,Shipped
1816,165,1999-05-04,42,Delivered
1817,290,2012-04-13,1,Delivered
1818,18,1985-12-11,42,Cancelled
1819,448,1996-11-26,57,Shipped
1820,33,1975-03-30,51,Cancelled
1821,35,2021-03-30,45,Shipped
1822,665,2015-05-09,5,Shipped
1823,382,2012-12-27,54,Cancelled
1824,401,2008-11-22,22,Cancelled
1825,365,1998-10-25,63,Shipped
1826,996,1986-05-10,21,Delivered
1827,905,2001-08-28,32,Cancelled
1828,620,1995-10-02,13,Delivered
1829,719,1974-02-28,8,Delivered
1830,204,1989-07-18,31,Delivered
1831,504,2009-05-20,6,Shipped
1832,189,1999-06-24,88,Cancelled
1833,937,2022-08-31,98,Shipped
1834,147,1985-09-17,31,Cancelled
1835,693,1982-11-12,19,Delivered
1836,934,2013-10-26,62,Shipped
1837,418,2012-09-26,28,Shipped
1838,362,1973-12-30,60,Delivered
1839,315,1984-11-04,76,Cancelled
1840,569,2018-06-17,34,Shipped
1841,972,1977-07-20,57,Delivered
1842,509,1980-03-13,70,Shipped
1843,807,1987-10-10,13,Cancelled
1844,541,2004-08-12,97,Cancelled
1845,380,2002-04-06,77,Shipped
1846,657,2025-02-10,11,Delivered
1847,540,1976-08-21,65,Cancelled
1848,241,1989-09-26,71,Cancelled
1849,197,2019-06-27,78,Delivered
1850,482,2019-09-23,36,Cancelled
1851,855,2005-11-04,96,Delivered
1852,18,2010-06-24,41,Delivered
1853,323,1984-04-05,1,Delivered
1854,153,2021-01-01,28,Shipped
1855,465,2025-07-05,16,Cancelled
1856,754,2011-07-06,28,Shipped
1857,240,1978-12-04,54,Cancelled
1858,735,2013-01-30,81,Cancelled
1859,181,1971-06-13,43,Delivered
1860,594,1979-05-12,96,Shipped
1861,269,1982-06-07,81,Delivered
1862,79,2014-02-03,39,Shipped
1863,273,2004-07-01,23,Cancelled
1864,818,1990-03-29,99,Cancelled
1865,601,2004-03-07,45,Delivered
1866,383,2010-04-08,30,Delivered
1867,813,2020-11-06,58,Cancelled
1868,117,1991-06-30,24,Shipped
1869,949,2014-12-18,70,Cancelled
1870,19,1990-04-28,93,Cancelled
1871,443,1977-11-03,15,Cancelled
1872,983,2015-12-29,15,Cancelled
1873,220,1975-07-19,20,Cancelled
1874,249,1974-11-05,27,Cancelled
1875,393,2010-11-01,68,Delivered
1876,662,2014-10-12,95,Shipped
1877,812,1981-07-02,29,Cancelled
1878,105,1975-01-25,58,Delivered
1879,124,1974-07-08,43,Cancelled
1880,466,2008-11-02,69,Cancelled
1881,960,1986-09-25,52,Cancelled
1882,275,2020-02-25,50,Shipped
1883,183,2009-11-07,92,Cancelled
1884,440,1996-10-05,49,Shipped
1885,122,1987-09-07,47,Cancelled
1886,570,2023-08-27,62,Cancelled
1887,613,2005-08-19,70,Delivered
1888,423,2014-11-15,28,Shipped
1889,173,1998-03-22,65,Cancelled
1890,551,1977-08-14,18,Delivered
1891,213,1998-07-15,29,Shipped
1892,633,2024-05-30,11,Delivered
1893,120,2015-02-10,42,Delivered
1894,900,1985-04-26,54,Cancelled
1895,932,2021-01-21,76,Delivered
1896,992,1986-01-05,99,Shipped
1897,640,1978-07-10,60,Cancelled
1898,111,1981-04-22,6,Shipped
1899,879,2004-05-08,40,Delivered
1900,854,1971-12-28,3,Cancelled
1901,245,2018-03-30,54,Shipped
1902,779,2014-06-01,82,Delivered
1903,289,2017-11-03,43,Delivered
1904,45,2000-04-25,30,Delivered
1905,349,1991-09-08,13,Cancelled
1906,49,1972-12-28,78,Shipped
1907,615,1980-04-28,37,Shipped
1908,497,1994-04-21,30,Shipped
1909,802,2016-06-29,62,Shipped
1910,788,2015-03-20,21,Delivered
1911,82,1999-05-20,48,Shipped
1912,443,2025-06-06,27,Cancelled
1913,617,1983-12-31,6,Delivered
1914,698,1985-07-08,59,Cancelled
1915,971,1978-05-20,67,Shipped
1916,688,1994-04-30,45,Delivered
1917,605,1977-02-01,56,Shipped
1918,275,1997-05-14,13,Cancelled
1919,907,1982-09-25,87,Cancelled
1920,834,1988-04-24,65,Shipped
1921,890,1983-09-03,92,Shipped
1922,249,2024-11-02,54,Cancelled
1923,237,2017-02-27,43,Delivered
1924,689,1979-09-19,4,Delivered
1925,813,1984-05-10,18,Cancelled
1926,944,2026-01-24,28,Cancelled
1927,358,1973-03-28,22,Delivered
1928,516,2024-04-21,59,Delivered
1929,866,1991-09-01,67,Cancelled
1930,221,1972-10-09,79,Shipped
1931,499,2002-12-07,86,Delivered
1932,249,2017-11-28,73,Cancelled
1933,369,1980-08-04,30,Delivered
1934,786,1971-10-02,11,Shipped
1935,557,1981-05-05,30,Delivered
1936,916,1971-06-25,24,Cancelled
1937,186,2020-11-21,70,Delivered
1938,459,1987-01-26,2,Cancelled
1939,963,1988-09-03,56,Shipped
1940,227,1992-04-28,94,Delivered
1941,904,2007-06-23,20,Delivered
1942,583,1972-09-14,31,Delivered
1943,128,1996-07-29,91,Delivered
1944,448,1984-09-20,89,Shipped
1945,387,1991-01-04,60,Cancelled
1946,165,1975-11-28,6,Cancelled
1947,808,2019-10-05,9,Shipped
1948,777,2019-08-23,2,Cancelled
1949,552,2012-06-23,45,Delivered
1950,729,1989-05-12,43,Shipped
1951,332,1981-12-24,4,Shipped
1952,91,2021-01-17,94,Cancelled
1953,821,2019-12-31,99,Delivered
1954,986,1999-01-30,86,Cancelled
1955,245,1996-05-15,5,Delivered
1956,65,1993-12-12,97,Shipped
1957,472,1976-07-27,68,Cancelled
1958,390,1972-01-11,68,Cancelled
1959,932,2000-10-24,21,Cancelled
1960,91,2009-02-25,44,Delivered
1961,68,1983-10-06,21,Delivered
1962,494,1999-10-10,33,Shipped
1963,228,1999-03-31,9,Cancelled
1964,311,1974-12-09,91,Cancelled
1965,959,1994-01-09,6,Shipped
1966,41,1979-01-15,38,Delivered
1967,625,2005-01-16,78,Delivered
1968,535,1983-11-08,25,Shipped
1969,473,1984-06-28,87,Shipped
1970,597,2021-01-02,37,Cancelled
1971,310,1980-05-07,93,Shipped
1972,593,1997-01-30,25,Cancelled
1973,952,1989-11-18,48,Shipped
1974,311,1972-11-29,16,Delivered
1975,846,2025-04-27,19,Shipped
1976,576,2019-02-16,36,Delivered
1977,724,1993-08-14,29,Shipped
1978,141,1988-03-28,39,Cancelled
1979,964,2013-05-03,68,Shipped
1980,461,2020-02-01,86,Cancelled
1981,954,1998-02-02,40,Shipped
1982,484,2016-10-29,63,Cancelled
1983,421,2019-02-19,62,Delivered
1984,439,1987-08-27,75,Cancelled
1985,208,2021-06-16,21,Shipped
1986,680,2011-07-19,90,Cancelled
1987,681,2008-02-05,63,Shipped
1988,410,2002-10-03,90,Shipped
1989,701,2004-10-21,77,Shipped
1990,855,1991-12-25,22,Shipped
1991,707,1983-05-02,87,Cancelled
1992,389,1987-01-18,35,Shipped
1993,733,2006-02-27,24,Delivered
1994,189,1992-05-30,10,Delivered
1995,364,1997-12-12,89,Delivered
1996,258,1997-12-18,86,Delivered
1997,208,2007-04-15,60,Delivered
1998,668,2011-01-21,87,Delivered
1999,898,2023-06-18,17,Shipped
2000,735,1990-04-25,44,Delivered
